[{
  "_id": {
    "$oid": "6495901f69e7038d2a9059dd"
  },
  "extention": "abc",
  "extention_password": 111,
  "asterisk_server_ip": 12444152,
  "user_id": 45,
  "conference_no": 23,
  "group_no": 521,
  "status": "active",
  "active_list_id": 552,
  "active_campaign_id": 414,
  "active_call_id": 5454,
  "permissions": "active",
  "time_permission": 11,
  "dialer_logged_in": 23,
  "current_queue": "hello",
  "sip_connected_ip": 222,
  "sip_phone": 140,
  "agent_conferance_channel_id": 2220,
  "updated_at": {
    "$date": "2023-06-20T11:52:39.535Z"
  },
  "__v": 0,
  "deleted_at": {
    "$date": "2023-06-26T04:02:57.705Z"
  },
  "is_active": false
},
{
  "_id": {
    "$oid": "64997c6f332bd43b2458a7d7"
  },
  "is_active": true,
  "extention": "abc",
  "extention_password": 111,
  "asterisk_server_ip": 12444152,
  "user_id": 45,
  "conference_no": 23,
  "status": "active",
  "active_list_id": 552,
  "active_campaign_id": 414,
  "active_call_id": 5454,
  "permissions": "active",
  "time_permission": 11,
  "dialer_logged_in": 23,
  "current_queue": "hello",
  "sip_connected_ip": 222,
  "sip_phone": 140,
  "agent_conferance_channel_id": 2220,
  "updated_at": {
    "$date": "2023-06-26T11:54:23.325Z"
  },
  "__v": 0
},
{
  "_id": {
    "$oid": "64997c82332bd43b2458a7db"
  },
  "is_active": true,
  "extention": "helllllllo",
  "extention_password": 111,
  "asterisk_server_ip": 12444152,
  "user_id": 45,
  "conference_no": 23,
  "status": "active",
  "active_list_id": 552,
  "active_campaign_id": 414,
  "active_call_id": 5454,
  "permissions": "active",
  "time_permission": 11,
  "dialer_logged_in": 23,
  "current_queue": "hello",
  "sip_connected_ip": 222,
  "sip_phone": 140,
  "agent_conferance_channel_id": 2220,
  "updated_at": {
    "$date": "2023-06-26T11:54:42.733Z"
  },
  "__v": 0
}]