[{
  "_id": {
    "$oid": "5c3b244f9ef510172cd1dcb0"
  },
  "email_verified": true,
  "roles": [
    {
      "$oid": "5bf7ae3694db051f5486f845"
    }
  ],
  "name": "WaftEngine Admin",
  "email": "admin@waftengine.org",
  "password": "$2a$10$s27b5R67BQPYpPZKbZTt3.iNPLmZ3sSlTbBgeYtpInRdBsJiXLMbm",
  "avatar": "//www.gravatar.com/avatar/c919a0ca57be37efbad508733daf5069?s=200&r=pg&d=mm",
  "password_reset_code": "F4358A",
  "password_reset_request_date": {
    "$date": "2019-03-05T07:02:55.734Z"
  },
  "bio": "",
  "date_of_birth": {
    "$date": "2020-02-02T00:00:00.000Z"
  },
  "description": "",
  "image": {
    "fieldname": "file",
    "originalname": "avatar-2.jpg",
    "encoding": "7bit",
    "mimetype": "image/jpeg",
    "destination": "public/user/",
    "filename": "475FC61A90D3B33-avatar-2.jpg",
    "path": "public\\user\\475FC61A90D3B33-avatar-2.jpg",
    "size": 37575
  },
  "updated_at": {
    "$date": "2023-05-26T05:19:11.154Z"
  },
  "last_password_change_date": {
    "$date": "2021-01-11T04:49:47.448Z"
  },
  "is_active": true,
  "is_deleted": false,
  "multi_fa": {
    "email": {
      "is_authenticate": false
    },
    "google_authenticate": {
      "auth_secret_setup": "NNHVIQ3VOU2HMT2UNBIDSVJXG5FUCZCRJU2U6NBVJRWHE32UGJDQ",
      "setup": true,
      "is_authenticate": false
    }
  },
  "register_method": "email"
},
{
  "_id": {
    "$oid": "6470420a102e2506988852af"
  },
  "multi_fa": {
    "email": {
      "is_authenticate": false
    },
    "google_authenticate": {
      "is_authenticate": false,
      "setup": false
    }
  },
  "email_verified": true,
  "is_active": true,
  "is_added_by_admin": false,
  "roles": [
    {
      "$oid": "5bf7ae90736db01f8fa21a24"
    }
  ],
  "register_method": "email",
  "skills": [],
  "is_deleted": false,
  "email": "dave@gmail.com",
  "name": "Parth Dave",
  "bio": "Admin",
  "password": "$2a$10$lwx7abZKy9n6f/8zaoPpNezj/RNWcUra0wtQNrsapAB9A7PVpg0AW",
  "added_at": {
    "$date": "2023-05-26T05:22:18.645Z"
  },
  "__v": 0,
  "updated_at": {
    "$date": "2023-05-26T07:12:41.501Z"
  },
  "last_password_change_date": {
    "$date": "2023-05-26T07:11:38.003Z"
  },
  "password_reset_code": "0EB33F",
  "password_reset_request_date": {
    "$date": "2023-05-30T10:14:31.326Z"
  }
},
{
  "_id": {
    "$oid": "6475c97e400f291350d013ca"
  },
  "multi_fa": {
    "email": {
      "is_authenticate": false
    },
    "google_authenticate": {
      "is_authenticate": false,
      "setup": false
    }
  },
  "email_verified": true,
  "is_active": true,
  "is_added_by_admin": false,
  "roles": [
    {
      "$oid": "5bf7ae90736db01f8fa21a24"
    }
  ],
  "register_method": "email",
  "skills": [],
  "is_deleted": false,
  "name": "Agrovikas",
  "email": "agrovikas@gmail.com",
  "password": "$2a$10$qGGV2A2y2dBhkqSAdIlHUe7.f8n4dcKRp4nNV13/EXzfRSTeUBKrK",
  "added_at": {
    "$date": "2023-05-30T10:01:34.184Z"
  },
  "email_verification_code": "CA24C5D9D143",
  "last_password_change_date": {
    "$date": "2023-05-30T10:01:34.290Z"
  },
  "email_verified_request_date": {
    "$date": "2023-05-30T10:01:34.290Z"
  },
  "__v": 0
},
{
  "_id": {
    "$oid": "6475cf88400f291350d013e3"
  },
  "multi_fa": {
    "email": {
      "is_authenticate": false
    },
    "google_authenticate": {
      "is_authenticate": false,
      "setup": false
    }
  },
  "is_active": true,
  "is_added_by_admin": false,
  "roles": [
    {
      "$oid": "5bf7ae90736db01f8fa21a24"
    }
  ],
  "register_method": "email",
  "skills": [],
  "is_deleted": false,
  "name": "fwef",
  "email": "parth@gmail.com",
  "password": "$2a$10$mzuCQGPdKfeJfhP5d0nKa.IyeQGw9cyLAz/pY5lilzYRrhShH8QGG",
  "added_at": {
    "$date": "2023-05-30T10:27:20.740Z"
  },
  "email_verification_code": "679BAE1B9B7F",
  "last_password_change_date": {
    "$date": "2023-05-30T10:27:20.836Z"
  },
  "email_verified_request_date": {
    "$date": "2023-05-30T10:27:20.836Z"
  },
  "__v": 0,
  "email_verified": false
}]