[{
  "_id": {
    "$oid": "601a8328490c5177823ca3ca"
  },
  "is_deleted": false,
  "module_group": "Others",
  "description": "Other Modues",
  "order": 7,
  "__v": 0
},
{
  "_id": {
    "$oid": "601a833e490c5177823ca3cb"
  },
  "is_deleted": false,
  "module_group": "Profile",
  "description": "Profile Management\t",
  "order": 6,
  "__v": 0
},
{
  "_id": {
    "$oid": "601a8353490c5177823ca3cc"
  },
  "is_deleted": false,
  "module_group": "Reports",
  "description": "Report Related Modules",
  "order": 5,
  "__v": 0
},
{
  "_id": {
    "$oid": "601a8367490c5177823ca3cd"
  },
  "is_deleted": false,
  "module_group": "Settings",
  "description": "Settings Related Module",
  "order": 4,
  "__v": 0
},
{
  "_id": {
    "$oid": "601a8378490c5177823ca3ce"
  },
  "is_deleted": false,
  "module_group": "Module",
  "description": "Module Management Related Modules",
  "order": 3,
  "__v": 0
},
{
  "_id": {
    "$oid": "601a838b490c5177823ca3cf"
  },
  "is_deleted": false,
  "module_group": "Access",
  "description": "Access Related modules",
  "order": 2,
  "__v": 0
},
{
  "_id": {
    "$oid": "601a83a3490c5177823ca3d0"
  },
  "is_deleted": false,
  "module_group": "Content",
  "description": "Content Related Modules",
  "order": 1,
  "__v": 0
},
{
  "_id": {
    "$oid": "647059f5102e250698885f92"
  },
  "is_deleted": false,
  "module_group": "Theme",
  "description": "Theme",
  "order": 4,
  "__v": 0
}]