[{
  "_id": {
    "$oid": "5f5473c432d63109d87a27d6"
  },
  "module_name": "Module Group",
  "description": "Module Group Management (group of modules)",
  "path": [
    {
      "admin_routes": [
        "/admin/sub-modules"
      ],
      "_id": {
        "$oid": "5f5473c432d63109d87a27d7"
      },
      "server_routes": [
        {
          "_id": {
            "$oid": "5f5473c432d63109d87a27d8"
          },
          "route": "/api/role/module-group",
          "method": "GET"
        }
      ],
      "access_type": "view"
    },
    {
      "admin_routes": [
        "/admin/sub-modules/add",
        "/admin/sub-modules/edit/:id"
      ],
      "_id": {
        "$oid": "5f5473c432d63109d87a27d9"
      },
      "server_routes": [
        {
          "_id": {
            "$oid": "5f5473c432d63109d87a27da"
          },
          "route": "/api/role/module-group",
          "method": "POST"
        },
        {
          "_id": {
            "$oid": "5f5473c432d63109d87a27db"
          },
          "route": "/api/role/module-group/:id",
          "method": "GET"
        }
      ],
      "access_type": "add edit"
    },
    {
      "admin_routes": [
        "/admin/sub-modules"
      ],
      "_id": {
        "$oid": "600800a48c9b093f90161c7e"
      },
      "server_routes": [
        {
          "_id": {
            "$oid": "600800a48c9b093f90161c7f"
          },
          "route": "/api/role/module-group/:id",
          "method": "DELETE"
        }
      ],
      "access_type": "delete"
    }
  ],
  "__v": 0,
  "module_group": {
    "$oid": "601a8378490c5177823ca3ce"
  }
},
{
  "_id": {
    "$oid": "5cd3c73d8b040336600642f6"
  },
  "module_name": "Media",
  "description": "This module deals with media.",
  "path": [
    {
      "admin_routes": [
        "/admin/media-manage"
      ],
      "_id": {
        "$oid": "5cd3c73d8b040336600642fd"
      },
      "server_routes": [
        {
          "_id": {
            "$oid": "5cd3c73d8b040336600642fe"
          },
          "route": "/api/media",
          "method": "GET"
        }
      ],
      "access_type": "VIEW "
    },
    {
      "admin_routes": [
        "/admin/media-manage"
      ],
      "_id": {
        "$oid": "5cd3c73d8b040336600642fb"
      },
      "server_routes": [
        {
          "_id": {
            "$oid": "5cd3c73d8b040336600642fc"
          },
          "route": "/api/media/single/:type",
          "method": "POST"
        },
        {
          "_id": {
            "$oid": "5d62350be2c5171e4ccb2ec6"
          },
          "route": "/api/media/multiple/:type",
          "method": "POST"
        }
      ],
      "access_type": "ADD"
    },
    {
      "admin_routes": [
        "/admin/media-manage/:id"
      ],
      "_id": {
        "$oid": "5cd3c73d8b040336600642f9"
      },
      "server_routes": [
        {
          "_id": {
            "$oid": "5cd3c73d8b040336600642fa"
          },
          "route": "/api/media/:id",
          "method": "GET"
        }
      ],
      "access_type": "VIEW DETAIL"
    },
    {
      "admin_routes": [
        "/admin/media-manage"
      ],
      "_id": {
        "$oid": "5cd3c73d8b040336600642f7"
      },
      "server_routes": [
        {
          "_id": {
            "$oid": "5cd3c73d8b040336600642f8"
          },
          "route": "/api/media/:id",
          "method": "DELETE"
        },
        {
          "_id": {
            "$oid": "5e8166bd5109720788789521"
          },
          "route": "/api/media/deleteall",
          "method": "POST"
        }
      ],
      "access_type": "DELETE"
    }
  ],
  "__v": 0,
  "module_group": {
    "$oid": "601a83a3490c5177823ca3d0"
  },
  "is_deleted": false
},
{
  "_id": {
    "$oid": "5cd3bfc08b040336600642c9"
  },
  "module_name": "Section",
  "description": "This module deals with contents.",
  "path": [
    {
      "admin_routes": [
        "/admin/section-content"
      ],
      "_id": {
        "$oid": "5cd3bfc08b040336600642cf"
      },
      "server_routes": [
        {
          "_id": {
            "$oid": "5cd3bfc08b040336600642d0"
          },
          "route": "/api/contents",
          "method": "GET"
        }
      ],
      "access_type": "VIEW"
    },
    {
      "admin_routes": [
        "/admin/section-content/:id"
      ],
      "_id": {
        "$oid": "5cd3bfc08b040336600642cc"
      },
      "server_routes": [
        {
          "_id": {
            "$oid": "5cd3bfc08b040336600642ce"
          },
          "route": "/api/contents/:id",
          "method": "GET"
        }
      ],
      "access_type": "VIEW DETAIL BY ID"
    },
    {
      "admin_routes": [
        "/admin/section-content/add",
        "/admin/section-content/edit/:id"
      ],
      "_id": {
        "$oid": "5cd3bfc08b040336600642ca"
      },
      "server_routes": [
        {
          "_id": {
            "$oid": "5cd3bfc08b040336600642cb"
          },
          "route": "/api/contents",
          "method": "POST"
        }
      ],
      "access_type": "ADD"
    },
    {
      "admin_routes": [],
      "_id": {
        "$oid": "5cd3f443d0d7622540510e91"
      },
      "server_routes": [
        {
          "_id": {
            "$oid": "5cd3f443d0d7622540510e92"
          },
          "route": "/api/contents/key/:key",
          "method": "GET"
        }
      ],
      "access_type": "VIEW DETAIL BY KEY"
    },
    {
      "admin_routes": [
        ""
      ],
      "_id": {
        "$oid": "5df71ee1da995c48e8c648a7"
      },
      "server_routes": [
        {
          "_id": {
            "$oid": "5df71ee1da995c48e8c648a8"
          },
          "route": "/api/contents/:id",
          "method": "DELETE"
        }
      ],
      "access_type": "DELETE"
    }
  ],
  "__v": 0,
  "module_group": {
    "$oid": "601a83a3490c5177823ca3d0"
  },
  "is_deleted": false
},
{
  "_id": {
    "$oid": "5cd3d23a8b04033660064325"
  },
  "module_name": "Email Template",
  "description": "This module deals with the email template.",
  "path": [
    {
      "admin_routes": [
        "/admin/template-manage"
      ],
      "_id": {
        "$oid": "5cd3d23a8b0403366006432a"
      },
      "server_routes": [
        {
          "_id": {
            "$oid": "5cd3d23a8b0403366006432b"
          },
          "route": "/api/template",
          "method": "GET"
        }
      ],
      "access_type": "LIST"
    },
    {
      "admin_routes": [
        "/admin/template-manage"
      ],
      "_id": {
        "$oid": "5cd3d23a8b04033660064328"
      },
      "server_routes": [
        {
          "_id": {
            "$oid": "5cd3d23a8b04033660064329"
          },
          "route": "/api/template/:key",
          "method": "GET"
        }
      ],
      "access_type": "DETAIL"
    },
    {
      "admin_routes": [
        "/admin/template-manage/edit/:key"
      ],
      "_id": {
        "$oid": "5cd3d23a8b04033660064326"
      },
      "server_routes": [
        {
          "_id": {
            "$oid": "5cd3d23a8b04033660064327"
          },
          "route": "/api/template",
          "method": "POST"
        },
        {
          "_id": {
            "$oid": "6024d2720c691c1cc0ee9ae2"
          },
          "route": "/api/template/:key",
          "method": "GET"
        }
      ],
      "access_type": "EDIT"
    },
    {
      "admin_routes": [
        "/admin/template-manage/add"
      ],
      "_id": {
        "$oid": "6024d2720c691c1cc0ee9ae3"
      },
      "server_routes": [
        {
          "_id": {
            "$oid": "6024d2720c691c1cc0ee9ae4"
          },
          "route": "/api/template",
          "method": "POST"
        }
      ],
      "access_type": "ADD"
    }
  ],
  "__v": 0,
  "module_group": {
    "$oid": "601a8367490c5177823ca3cd"
  },
  "is_deleted": false
},
{
  "_id": {
    "$oid": "5cd2bc94b4c50e01700fa3aa"
  },
  "module_name": "Blog",
  "description": "This module deals with blog.",
  "path": [
    {
      "admin_routes": [
        "/admin/blog-manage"
      ],
      "_id": {
        "$oid": "5cd2beb6b4c50e01700fa3b5"
      },
      "server_routes": [
        {
          "_id": {
            "$oid": "5cd2beb6b4c50e01700fa3b6"
          },
          "route": "/api/blog/auth",
          "method": "GET"
        }
      ],
      "access_type": "AUTH VIEW"
    },
    {
      "admin_routes": [],
      "_id": {
        "$oid": "5cd2beb6b4c50e01700fa3b3"
      },
      "server_routes": [
        {
          "_id": {
            "$oid": "5cd2beb6b4c50e01700fa3b4"
          },
          "route": "/api/blog",
          "method": "GET"
        }
      ],
      "access_type": "VIEW"
    },
    {
      "admin_routes": [
        "/admin/blog-manage/:id"
      ],
      "_id": {
        "$oid": "5cd3b5d18b04033660064286"
      },
      "server_routes": [
        {
          "_id": {
            "$oid": "5cd3b5d18b04033660064287"
          },
          "route": "/api/blog/:id",
          "method": "GET"
        }
      ],
      "access_type": "VIEW DETAIL"
    },
    {
      "admin_routes": [],
      "_id": {
        "$oid": "5cd3b5d18b04033660064280"
      },
      "server_routes": [
        {
          "_id": {
            "$oid": "5cd3b5d18b04033660064281"
          },
          "route": "/api/blog/blogbytag/:tag",
          "method": "GET"
        }
      ],
      "access_type": "VIEW BY TAG"
    },
    {
      "admin_routes": [],
      "_id": {
        "$oid": "5cd3b5d18b0403366006427e"
      },
      "server_routes": [
        {
          "_id": {
            "$oid": "5cd3b5d18b0403366006427f"
          },
          "route": "/api/blog/blogbytime/:time",
          "method": "GET"
        }
      ],
      "access_type": "VIEW BY TIME"
    },
    {
      "admin_routes": [
        "/admin/blog-manage/edit/:id",
        "/admin/blog-manage/add",
        "/admin/blog-manage/edit/:slug_url"
      ],
      "_id": {
        "$oid": "5cd3b5d18b0403366006427c"
      },
      "server_routes": [
        {
          "_id": {
            "$oid": "5cd3b5d18b0403366006427d"
          },
          "route": "/api/blog",
          "method": "POST"
        },
        {
          "_id": {
            "$oid": "6285e6113339463c109b37b6"
          },
          "route": "/api/user",
          "method": "GET"
        }
      ],
      "access_type": "ADD"
    },
    {
      "admin_routes": [
        "/admin/blog-manage"
      ],
      "_id": {
        "$oid": "5cd3b5d18b04033660064278"
      },
      "server_routes": [
        {
          "_id": {
            "$oid": "5cd3b5d18b04033660064279"
          },
          "route": "/api/blog/:id",
          "method": "DELETE"
        }
      ],
      "access_type": "DELETE"
    },
    {
      "admin_routes": [
        "/admin/blog-manage/:slug"
      ],
      "_id": {
        "$oid": "5cd3f4abd0d7622540510e9d"
      },
      "server_routes": [
        {
          "_id": {
            "$oid": "5cd3f4abd0d7622540510e9e"
          },
          "route": "/api/blog/blog/:slug",
          "method": "GET"
        }
      ],
      "access_type": "VIEW DETAIL SLUG"
    }
  ],
  "__v": 0,
  "module_group": {
    "$oid": "601a83a3490c5177823ca3d0"
  },
  "is_deleted": false
},
{
  "_id": {
    "$oid": "5cd3ba6d8b040336600642c2"
  },
  "module_name": "Contact",
  "description": "This module deals with the data sent in contact us form.",
  "path": [
    {
      "admin_routes": [
        "/admin/contact-manage/add"
      ],
      "_id": {
        "$oid": "5cd3ba6d8b040336600642c7"
      },
      "server_routes": [
        {
          "_id": {
            "$oid": "5cd3ba6d8b040336600642c8"
          },
          "route": "/api/contact",
          "method": "POST"
        }
      ],
      "access_type": "ADD"
    },
    {
      "admin_routes": [
        "/admin/contact-manage"
      ],
      "_id": {
        "$oid": "5cd3ba6d8b040336600642c5"
      },
      "server_routes": [
        {
          "_id": {
            "$oid": "5cd3ba6d8b040336600642c6"
          },
          "route": "/api/contact",
          "method": "GET"
        }
      ],
      "access_type": "LIST"
    },
    {
      "admin_routes": [
        "/admin/contact-manage/view/:id"
      ],
      "_id": {
        "$oid": "5cd3ba6d8b040336600642c3"
      },
      "server_routes": [
        {
          "_id": {
            "$oid": "5cd3ba6d8b040336600642c4"
          },
          "route": "/api/contact/:id",
          "method": "GET"
        }
      ],
      "access_type": "DETAIL"
    },
    {
      "admin_routes": [
        "/admin/contact-manage/:id"
      ],
      "_id": {
        "$oid": "5cfe2dccb6255d290dc673df"
      },
      "server_routes": [
        {
          "_id": {
            "$oid": "5cfe2dccb6255d290dc673e0"
          },
          "route": "/api/contact/:id",
          "method": "DELETE"
        }
      ],
      "access_type": "DELETE"
    },
    {
      "admin_routes": [
        "/admin/contact-manage/edit/:id"
      ],
      "_id": {
        "$oid": "60288890f4e9e40358de7bb7"
      },
      "access_type": "EDIT",
      "server_routes": [
        {
          "_id": {
            "$oid": "60288890f4e9e40358de7bb8"
          },
          "route": "/api/contact",
          "method": "POST"
        }
      ]
    }
  ],
  "__v": 0,
  "module_group": {
    "$oid": "601a8353490c5177823ca3cc"
  }
},
{
  "_id": {
    "$oid": "5cd3cddf8b0403366006430d"
  },
  "module_name": "Slider",
  "description": "This module deals with the slider.",
  "path": [
    {
      "admin_routes": [
        "/admin/slider-manage"
      ],
      "_id": {
        "$oid": "5cd3cddf8b04033660064315"
      },
      "server_routes": [
        {
          "_id": {
            "$oid": "5cd3cddf8b04033660064316"
          },
          "route": "/api/slider",
          "method": "GET"
        }
      ],
      "access_type": "VIEW"
    },
    {
      "admin_routes": [],
      "_id": {
        "$oid": "5cd3cddf8b04033660064312"
      },
      "server_routes": [
        {
          "_id": {
            "$oid": "5cd3cddf8b04033660064314"
          },
          "route": "/api/slider/key/:key",
          "method": "GET"
        }
      ],
      "access_type": "VIEW DETAIL BY KEY"
    },
    {
      "admin_routes": [
        "/admin/slider-manage/add",
        "/admin/slider-manage/edit/:id"
      ],
      "_id": {
        "$oid": "5cd3cddf8b04033660064310"
      },
      "server_routes": [
        {
          "_id": {
            "$oid": "5cd3cddf8b04033660064311"
          },
          "route": "/api/slider",
          "method": "POST"
        }
      ],
      "access_type": "ADD"
    },
    {
      "admin_routes": [
        "/admin/slider-manage/"
      ],
      "_id": {
        "$oid": "5cd3cddf8b0403366006430e"
      },
      "server_routes": [
        {
          "_id": {
            "$oid": "5cd3cddf8b0403366006430f"
          },
          "route": "/api/slider/:id",
          "method": "DELETE"
        }
      ],
      "access_type": "DELETE"
    },
    {
      "admin_routes": [
        "/admin/slider-manage/:id"
      ],
      "_id": {
        "$oid": "5cd3edb19130d31ab88c1e4e"
      },
      "server_routes": [
        {
          "_id": {
            "$oid": "5cd3edb19130d31ab88c1e4f"
          },
          "route": "/api/slider/:id",
          "method": "GET"
        }
      ],
      "access_type": "VIEW DETAIL BY ID"
    }
  ],
  "__v": 0,
  "module_group": {
    "$oid": "601a83a3490c5177823ca3d0"
  },
  "is_deleted": false
},
{
  "_id": {
    "$oid": "5df0862bb70c3715089f8143"
  },
  "module_name": "Page",
  "description": "This page deals with all the static pages in the system",
  "path": [
    {
      "admin_routes": [
        "/admin/page-content"
      ],
      "_id": {
        "$oid": "5df0862bb70c3715089f8144"
      },
      "server_routes": [
        {
          "_id": {
            "$oid": "5df08ed48487fe1bc2fc5b9e"
          },
          "route": "/api/contents",
          "method": ""
        }
      ],
      "access_type": "VIEW"
    },
    {
      "admin_routes": [
        "/admin/page-content/add"
      ],
      "_id": {
        "$oid": "5df08ed48487fe1bc2fc5b9b"
      },
      "server_routes": [
        {
          "_id": {
            "$oid": "5df08ed48487fe1bc2fc5b9c"
          },
          "route": "/api/contents",
          "method": "POST"
        }
      ],
      "access_type": "ADD"
    },
    {
      "admin_routes": [
        "/admin/page-content/edit/:id"
      ],
      "_id": {
        "$oid": "5df08ed48487fe1bc2fc5b99"
      },
      "server_routes": [
        {
          "_id": {
            "$oid": "5df08ed48487fe1bc2fc5b9a"
          },
          "route": "/api/contents",
          "method": "POST"
        }
      ],
      "access_type": "EDIT"
    }
  ],
  "__v": 0,
  "module_group": {
    "$oid": "601a83a3490c5177823ca3d0"
  },
  "is_deleted": false
},
{
  "_id": {
    "$oid": "5cfe0978bb12ee19d1603b29"
  },
  "module_name": "Dashboard",
  "description": "This module is the first page of admin panel",
  "path": [
    {
      "admin_routes": [
        "/admin/dashboard"
      ],
      "_id": {
        "$oid": "5cfe0a17bb12ee19d1603b2a"
      },
      "server_routes": [
        {
          "_id": {
            "$oid": "5cfe0a17bb12ee19d1603b2b"
          },
          "route": "/api/dashboard",
          "method": "GET"
        },
        {
          "_id": {
            "$oid": "5d525122d78bdc14cc8c35c3"
          },
          "route": "/api/user/grby",
          "method": "GET"
        },
        {
          "_id": {
            "$oid": "602a44142870a6868fd8f8f2"
          },
          "route": "/api/dashboard/error",
          "method": "GET"
        },
        {
          "_id": {
            "$oid": "602a44142870a6868fd8f8f3"
          },
          "route": "/api/dashboard/user/days/:day",
          "method": "GET"
        },
        {
          "_id": {
            "$oid": "602a44142870a6868fd8f8f4"
          },
          "route": "/api/dashboard/user/registration",
          "method": "GET"
        },
        {
          "_id": {
            "$oid": "602a44142870a6868fd8f8f5"
          },
          "route": "/api/dashboard/user/recent",
          "method": "GET"
        },
        {
          "_id": {
            "$oid": "602a44142870a6868fd8f8f6"
          },
          "route": "/api/dashboard/user/roles",
          "method": "GET"
        },
        {
          "_id": {
            "$oid": "602b4bb3d6030a2eba8a1c7a"
          },
          "route": "/api/dashboard/user/blogs",
          "method": "GET"
        }
      ],
      "access_type": "VIEW DASHBOARD"
    }
  ],
  "__v": 0,
  "module_group": {
    "$oid": "601a8328490c5177823ca3ca"
  }
},
{
  "_id": {
    "$oid": "5bfbe1c1746f36655db2a188"
  },
  "__v": 0,
  "module_name": "Modules",
  "path": [
    {
      "admin_routes": [
        "/admin/module-manage"
      ],
      "_id": {
        "$oid": "5bfbe1c1746f36655db2a191"
      },
      "server_routes": [
        {
          "_id": {
            "$oid": "5bfbe1c1746f36655db2a192"
          },
          "route": "/api/role/module",
          "method": "GET"
        }
      ],
      "access_type": "ViewAll"
    },
    {
      "admin_routes": [
        "/admin/module-manage/edit/:id"
      ],
      "_id": {
        "$oid": "5bfbe1c1746f36655db2a18f"
      },
      "server_routes": [
        {
          "_id": {
            "$oid": "5bfbe1c1746f36655db2a190"
          },
          "route": "/api/role/module/:id",
          "method": "GET"
        }
      ],
      "access_type": "ViewDetail"
    },
    {
      "admin_routes": [
        "/admin/module-manage/edit/:id"
      ],
      "_id": {
        "$oid": "5bfbe1c1746f36655db2a18d"
      },
      "server_routes": [
        {
          "_id": {
            "$oid": "5bfbe1c1746f36655db2a18e"
          },
          "route": "/api/role/module",
          "method": "POST"
        }
      ],
      "access_type": "SaveDetail"
    },
    {
      "admin_routes": [
        "/admin/module-manage/add"
      ],
      "_id": {
        "$oid": "5bfbe1c1746f36655db2a18b"
      },
      "server_routes": [
        {
          "_id": {
            "$oid": "5bfbe1c1746f36655db2a18c"
          },
          "route": "/api/role/module",
          "method": "POST"
        }
      ],
      "access_type": "Add"
    },
    {
      "admin_routes": [
        "/admin/module-manage/access/:id"
      ],
      "_id": {
        "$oid": "5bfbe1c1746f36655db2a189"
      },
      "server_routes": [
        {
          "_id": {
            "$oid": "5bfbe1c1746f36655db2a18a"
          },
          "route": "/api/role/access/module/:moduleid",
          "method": "GET"
        }
      ],
      "access_type": "ViewAccess"
    },
    {
      "admin_routes": [
        "/admin/module-manage/access/:id"
      ],
      "_id": {
        "$oid": "5c0f95d8a7e10e33b28d212c"
      },
      "server_routes": [
        {
          "_id": {
            "$oid": "5c0f95d8a7e10e33b28d212d"
          },
          "route": "/api/role/access/module/:moduleid",
          "method": "POST"
        }
      ],
      "access_type": "ChangeAccess"
    }
  ],
  "description": "This modules deals with the management of different modules.",
  "module_group": {
    "$oid": "601a8378490c5177823ca3ce"
  },
  "is_deleted": false
},
{
  "_id": {
    "$oid": "5cd3ca6a8b04033660064308"
  },
  "module_name": "Settings",
  "description": "This module deals with the settings module.",
  "path": [
    {
      "admin_routes": [
        "/admin/global-setting"
      ],
      "_id": {
        "$oid": "5cd3ca6a8b0403366006430b"
      },
      "server_routes": [
        {
          "_id": {
            "$oid": "5cd3ca6a8b0403366006430c"
          },
          "route": "/api/setting/all",
          "method": "GET"
        }
      ],
      "access_type": "VIEW"
    },
    {
      "admin_routes": [
        "/admin/global-setting/add"
      ],
      "_id": {
        "$oid": "5cd3ca6a8b04033660064309"
      },
      "server_routes": [
        {
          "_id": {
            "$oid": "5cd3ca6a8b0403366006430a"
          },
          "route": "/api/setting/:type",
          "method": "POST"
        }
      ],
      "access_type": "ADD"
    },
    {
      "admin_routes": [
        "/admin/global-setting/edit/:id"
      ],
      "_id": {
        "$oid": "5ffae48f854e451e30635f90"
      },
      "server_routes": [
        {
          "_id": {
            "$oid": "601fc7bcadf5dd2665846d1e"
          },
          "route": "/api/setting/edit/all",
          "method": "POST"
        }
      ],
      "access_type": "Edit"
    },
    {
      "admin_routes": [],
      "_id": {
        "$oid": "6020e91ba4c0b35590a6807b"
      },
      "server_routes": [
        {
          "_id": {
            "$oid": "6020e91ba4c0b35590a6807c"
          },
          "route": "/api/setting/type/:type",
          "method": "GET"
        }
      ],
      "access_type": "get single type"
    },
    {
      "admin_routes": [],
      "_id": {
        "$oid": "6020ea3f1932b15ad6617d6e"
      },
      "server_routes": [
        {
          "_id": {
            "$oid": "6020ea3f1932b15ad6617d6f"
          },
          "route": "/api/setting/single/:setting_id",
          "method": "GET"
        }
      ],
      "access_type": "get single settings"
    },
    {
      "admin_routes": [],
      "_id": {
        "$oid": "6028f81a807b981c6ec4274e"
      },
      "access_type": "delete setting",
      "server_routes": [
        {
          "_id": {
            "$oid": "6028f81a807b981c6ec4274f"
          },
          "route": "/api/setting/delete/:id",
          "method": "DELETE"
        }
      ]
    }
  ],
  "__v": 0,
  "module_group": {
    "$oid": "601a8367490c5177823ca3cd"
  },
  "is_deleted": false
},
{
  "_id": {
    "$oid": "5cd3d0948b0403366006431e"
  },
  "module_name": "Subscribe",
  "description": "This module deals with the email subscription.",
  "path": [
    {
      "admin_routes": [
        "/admin/subscribe-manage"
      ],
      "_id": {
        "$oid": "5cd3d0948b04033660064323"
      },
      "server_routes": [
        {
          "_id": {
            "$oid": "5cd3d0948b04033660064324"
          },
          "route": "/api/subscribe",
          "method": "GET"
        }
      ],
      "access_type": "LIST"
    },
    {
      "admin_routes": [
        "/admin/subscribe-manage/view/:id"
      ],
      "_id": {
        "$oid": "5cd3d0948b04033660064321"
      },
      "server_routes": [
        {
          "_id": {
            "$oid": "5cd3d0948b04033660064322"
          },
          "route": "/api/subscribe/:id",
          "method": "GET"
        }
      ],
      "access_type": "DETAIL"
    },
    {
      "admin_routes": [],
      "_id": {
        "$oid": "5cd3d0948b0403366006431f"
      },
      "server_routes": [
        {
          "_id": {
            "$oid": "5cd3d0948b04033660064320"
          },
          "route": "/api/subscribe",
          "method": "POST"
        }
      ],
      "access_type": "ADD"
    },
    {
      "admin_routes": [
        "/admin/subscribe-manage/:id"
      ],
      "_id": {
        "$oid": "5cfe2ffbb6255d290dc673fb"
      },
      "server_routes": [
        {
          "_id": {
            "$oid": "5cfe2ffbb6255d290dc673fc"
          },
          "route": "/api/subscribe/:id",
          "method": "DELETE"
        }
      ],
      "access_type": "DELETE"
    }
  ],
  "__v": 0,
  "module_group": {
    "$oid": "601a8353490c5177823ca3cc"
  }
},
{
  "_id": {
    "$oid": "5bf8d8d6beaa311eef2ae8b0"
  },
  "__v": 0,
  "module_name": "User",
  "path": [
    {
      "admin_routes": [
        "/admin/user-manage"
      ],
      "_id": {
        "$oid": "5bf8d90abeaa311eef2ae8b1"
      },
      "server_routes": [
        {
          "_id": {
            "$oid": "5bf8da337172a3204ea204f1"
          },
          "route": "/api/user",
          "method": "GET"
        }
      ],
      "access_type": "LIST"
    },
    {
      "admin_routes": [
        "/admin/user-manage/:id"
      ],
      "_id": {
        "$oid": "5bf8d90abeaa311eef2ae8b2"
      },
      "server_routes": [
        {
          "_id": {
            "$oid": "5bf8da337172a3204ea204f2"
          },
          "route": "/api/user/detail/:id",
          "method": "GET"
        }
      ],
      "access_type": "DETAIL"
    },
    {
      "admin_routes": [
        "/admin/user-manage/add"
      ],
      "_id": {
        "$oid": "5bf8d90abeaa311eef2ae8b3"
      },
      "server_routes": [
        {
          "_id": {
            "$oid": "5bf8da337172a3204ea204f3"
          },
          "route": "/api/user/register/admin",
          "method": "POST"
        }
      ],
      "access_type": "ADD"
    },
    {
      "admin_routes": [
        "/admin/user-manage"
      ],
      "_id": {
        "$oid": "5bf8d90abeaa311eef2ae8b4"
      },
      "server_routes": [
        {
          "_id": {
            "$oid": "5bf8da337172a3204ea204f4"
          },
          "route": "/api/user/:id",
          "method": "DELETE"
        }
      ],
      "access_type": "DELETE"
    },
    {
      "admin_routes": [
        "/admin/user-manage/edit/:id"
      ],
      "_id": {
        "$oid": "5c0fa4d90acc243d0e1b8240"
      },
      "server_routes": [
        {
          "_id": {
            "$oid": "5c0fa4d90acc243d0e1b8241"
          },
          "route": "/api/user/detail/:id",
          "method": "POST"
        }
      ],
      "access_type": "EDIT"
    }
  ],
  "description": "This module deals with user data.",
  "module_group": {
    "$oid": "601a838b490c5177823ca3cf"
  }
},
{
  "_id": {
    "$oid": "5bfbdf187fa8ad6350151f30"
  },
  "__v": 0,
  "module_name": "Role",
  "path": [
    {
      "admin_routes": [
        "/admin/role-manage"
      ],
      "_id": {
        "$oid": "5bfbdf187fa8ad6350151f39"
      },
      "server_routes": [
        {
          "_id": {
            "$oid": "5bf8da337172a3204ea204f1"
          },
          "route": "/api/role/role",
          "method": "GET"
        }
      ],
      "access_type": "LIST"
    },
    {
      "admin_routes": [
        "/admin/role-manage/:id"
      ],
      "_id": {
        "$oid": "5bfbdf187fa8ad6350151f37"
      },
      "server_routes": [
        {
          "_id": {
            "$oid": "5bfbdf187fa8ad6350151f38"
          },
          "route": "/api/role/role/:id",
          "method": "GET"
        }
      ],
      "access_type": "DETAIL"
    },
    {
      "admin_routes": [
        "/admin/role-manage/edit/:id"
      ],
      "_id": {
        "$oid": "5bfbdf187fa8ad6350151f35"
      },
      "server_routes": [
        {
          "_id": {
            "$oid": "5bfbdf187fa8ad6350151f36"
          },
          "route": "/api/role/role",
          "method": "POST"
        }
      ],
      "access_type": "EDIT"
    },
    {
      "admin_routes": [
        "/admin/role-manage/add"
      ],
      "_id": {
        "$oid": "5bfbdf187fa8ad6350151f33"
      },
      "server_routes": [
        {
          "_id": {
            "$oid": "5bfbdf187fa8ad6350151f34"
          },
          "route": "/api/role/role",
          "method": "POST"
        }
      ],
      "access_type": "ADD"
    },
    {
      "admin_routes": [
        "/admin/role-manage"
      ],
      "_id": {
        "$oid": "5bfbdf187fa8ad6350151f31"
      },
      "server_routes": [
        {
          "_id": {
            "$oid": "5bfbdf187fa8ad6350151f32"
          },
          "route": "/api/role/role/:id",
          "method": "DELETE"
        }
      ],
      "access_type": "DELETE"
    },
    {
      "admin_routes": [
        "/admin/role-manage"
      ],
      "_id": {
        "$oid": "5f5710982c8a11121c6c9cc8"
      },
      "server_routes": [
        {
          "_id": {
            "$oid": "5f5710982c8a11121c6c9cc9"
          },
          "route": "/api/role/access/role/:roleid",
          "method": "GET"
        },
        {
          "_id": {
            "$oid": "5f5710982c8a11121c6c9cca"
          },
          "route": "/api/role/access/role/:roleid",
          "method": "POST"
        },
        {
          "_id": {
            "$oid": "5f6c8d57cd9b402c34782953"
          },
          "route": "/api/role/module-hierarchy",
          "method": "GET"
        }
      ],
      "access_type": "ACCESS"
    },
    {
      "admin_routes": [
        "/admin/role-manage/access/:id"
      ],
      "_id": {
        "$oid": "5f70320e62488624f05b8056"
      },
      "server_routes": [
        {
          "_id": {
            "$oid": "5f70320e62488624f05b8057"
          },
          "route": "/api/role/access/role/:id",
          "method": "GET"
        },
        {
          "_id": {
            "$oid": "5f70320e62488624f05b8058"
          },
          "route": "/api/role/module-hierarchy",
          "method": "GET"
        }
      ],
      "access_type": "EDIT ACCESS"
    }
  ],
  "description": "This module deals with the roles assigned to  users.",
  "module_group": {
    "$oid": "601a838b490c5177823ca3cf"
  }
},
{
  "_id": {
    "$oid": "5de7950969ab9b499ed8ddc8"
  },
  "module_name": "Menu",
  "description": "Menu manage module",
  "path": [
    {
      "admin_routes": [
        "/admin/menu-manage"
      ],
      "_id": {
        "$oid": "5de7950969ab9b499ed8ddc9"
      },
      "server_routes": [],
      "access_type": "list"
    },
    {
      "admin_routes": [
        "/admin/menu-manage/add"
      ],
      "_id": {
        "$oid": "5de7994a69ab9b499ed8ddcf"
      },
      "server_routes": [],
      "access_type": "add"
    },
    {
      "admin_routes": [
        "/admin/menu-manage/edit/:id"
      ],
      "_id": {
        "$oid": "5de7994a69ab9b499ed8ddce"
      },
      "server_routes": [],
      "access_type": "edit by id"
    },
    {
      "admin_routes": [
        "/admin/menu-manage/edit/:id"
      ],
      "_id": {
        "$oid": "5ec0ce24b8dacf0b9ca586d9"
      },
      "server_routes": [
        {
          "_id": {
            "$oid": "5ec0ce24b8dacf0b9ca586da"
          },
          "route": "",
          "method": "DELETE"
        }
      ],
      "access_type": "Delete Menu Item"
    }
  ],
  "__v": 0,
  "module_group": {
    "$oid": "601a83a3490c5177823ca3d0"
  },
  "is_deleted": false
},
{
  "_id": {
    "$oid": "5cd3b6e98b04033660064290"
  },
  "module_name": "Bugs",
  "description": "This module deals with bugs in the system.",
  "path": [
    {
      "admin_routes": [
        "/admin/errors"
      ],
      "_id": {
        "$oid": "5cd3b6e98b04033660064291"
      },
      "server_routes": [
        {
          "_id": {
            "$oid": "5cd3b6e98b04033660064292"
          },
          "route": "/api/bug",
          "method": "GET"
        }
      ],
      "access_type": "LIST"
    },
    {
      "admin_routes": [
        "/admin/errors"
      ],
      "_id": {
        "$oid": "5dd78a8709111114e013fab7"
      },
      "server_routes": [
        {
          "_id": {
            "$oid": "5dd78a8709111114e013fab8"
          },
          "route": "/api/bug/:id",
          "method": "DELETE"
        }
      ],
      "access_type": "DELETE"
    },
    {
      "admin_routes": [
        "/admin/errors"
      ],
      "_id": {
        "$oid": "5de6592e3f38f219f81d7df1"
      },
      "server_routes": [
        {
          "_id": {
            "$oid": "5de6592e3f38f219f81d7df2"
          },
          "route": "/api/bug/all",
          "method": "DELETE"
        }
      ],
      "access_type": "Delete All"
    }
  ],
  "__v": 0,
  "module_group": {
    "$oid": "601a8353490c5177823ca3cc"
  }
},
{
  "_id": {
    "$oid": "6023c1e23146f70fe8a8d98e"
  },
  "module_name": "Blog Category",
  "description": "Blog Category",
  "path": [
    {
      "admin_routes": [
        "/admin/blog-cat-manage"
      ],
      "_id": {
        "$oid": "6023c1e23146f70fe8a8d98f"
      },
      "server_routes": [
        {
          "_id": {
            "$oid": "6023c1e23146f70fe8a8d990"
          },
          "route": "/api/blog/category",
          "method": "GET"
        }
      ],
      "access_type": "List"
    },
    {
      "admin_routes": [
        "/admin/blog-cat-manage/:id"
      ],
      "_id": {
        "$oid": "6023c1e23146f70fe8a8d991"
      },
      "server_routes": [
        {
          "_id": {
            "$oid": "6023c1e23146f70fe8a8d992"
          },
          "route": "/api/blog/category/:id",
          "method": "GET"
        }
      ],
      "access_type": "Detail"
    },
    {
      "admin_routes": [
        "/admin/blog-cat-manage/add"
      ],
      "_id": {
        "$oid": "6023c1e23146f70fe8a8d993"
      },
      "server_routes": [
        {
          "_id": {
            "$oid": "6023c1e23146f70fe8a8d994"
          },
          "route": "/api/blog/category",
          "method": "POST"
        }
      ],
      "access_type": "add"
    },
    {
      "admin_routes": [
        "/admin/blog-cat-manage"
      ],
      "_id": {
        "$oid": "6023c1e23146f70fe8a8d995"
      },
      "server_routes": [
        {
          "_id": {
            "$oid": "6023c1e23146f70fe8a8d996"
          },
          "route": "/api/blog/category/:id",
          "method": "DELETE"
        }
      ],
      "access_type": "delete"
    },
    {
      "admin_routes": [
        "/admin/blog-cat-manage/edit/:id"
      ],
      "_id": {
        "$oid": "6023c2213146f70fe8a8d99f"
      },
      "access_type": "edit",
      "server_routes": [
        {
          "_id": {
            "$oid": "6023c2213146f70fe8a8d9a0"
          },
          "route": "/api/blog/category",
          "method": "POST"
        }
      ]
    },
    {
      "admin_routes": [],
      "_id": {
        "$oid": "603f3d728722a64f4f814856"
      },
      "access_type": "blog count",
      "server_routes": [
        {
          "_id": {
            "$oid": "603f3d728722a64f4f814857"
          },
          "route": "/api/blog/count/category/:id",
          "method": "GET"
        }
      ]
    }
  ],
  "module_group": {
    "$oid": "601a83a3490c5177823ca3d0"
  },
  "__v": 0
},
{
  "_id": {
    "$oid": "64705a38102e250698885fbe"
  },
  "is_deleted": false,
  "module_name": "Theme",
  "description": "Theme",
  "path": [
    {
      "admin_routes": [
        "/page/Theme"
      ],
      "_id": {
        "$oid": "64705a38102e250698885fbf"
      },
      "access_type": "View",
      "server_routes": [
        {
          "_id": {
            "$oid": "64708db836750e17b08a31f7"
          },
          "route": "/api/role/theme",
          "method": "GET"
        }
      ]
    },
    {
      "admin_routes": [
        "/page/Theme/add"
      ],
      "_id": {
        "$oid": "64708db836750e17b08a31f8"
      },
      "access_type": "Add",
      "server_routes": [
        {
          "_id": {
            "$oid": "64708db836750e17b08a31f9"
          },
          "route": "/api/role/theme",
          "method": "POST"
        },
        {
          "_id": {
            "$oid": "64708f2236750e17b08a33f0"
          },
          "route": "/api/role/theme",
          "method": "GET"
        }
      ]
    },
    {
      "admin_routes": [
        "/page/Theme/update"
      ],
      "_id": {
        "$oid": "64708db836750e17b08a31fa"
      },
      "access_type": "Update",
      "server_routes": [
        {
          "_id": {
            "$oid": "64708db836750e17b08a31fb"
          },
          "route": "/page/Theme",
          "method": "PATCH"
        }
      ]
    },
    {
      "admin_routes": [
        "/page/Theme/delete"
      ],
      "_id": {
        "$oid": "64708db836750e17b08a31fc"
      },
      "access_type": "Delete",
      "server_routes": [
        {
          "_id": {
            "$oid": "64708db836750e17b08a31fd"
          },
          "route": "/api/role/theme/:id",
          "method": "DELETE"
        }
      ]
    }
  ],
  "module_group": {
    "$oid": "647059f5102e250698885f92"
  },
  "__v": 0
}]