[{
  "_id": {
    "$oid": "6020e016f19ec3536977b5e7"
  },
  "is_active": true,
  "is_deleted": false,
  "key": "allow_login",
  "value": false,
  "description": "enable/disable facebook login.",
  "sub_type": "facebook",
  "type": "auth",
  "added_by": {
    "$oid": "5c3b244f9ef510172cd1dcb0"
  },
  "added_date": {
    "$date": "2021-02-08T06:54:14.129Z"
  },
  "updated_at": {
    "$date": "2021-02-08T06:54:14.129Z"
  },
  "__v": 0,
  "updated_by": {
    "$oid": "5c3b244f9ef510172cd1dcb0"
  },
  "value_type": "Boolean",
  "is_removable": false
},
{
  "_id": {
    "$oid": "6020e1b855a9df54afc500c4"
  },
  "is_active": true,
  "is_deleted": false,
  "key": "allow_login",
  "value": false,
  "description": "enable/disable google login",
  "sub_type": "google",
  "type": "auth",
  "added_by": {
    "$oid": "5c3b244f9ef510172cd1dcb0"
  },
  "added_date": {
    "$date": "2021-02-08T07:01:12.216Z"
  },
  "updated_at": {
    "$date": "2021-02-08T07:01:12.216Z"
  },
  "__v": 0,
  "updated_by": {
    "$oid": "5c3b244f9ef510172cd1dcb0"
  },
  "value_type": "Boolean",
  "is_removable": false
},
{
  "_id": {
    "$oid": "60210982c1847d66acdf1850"
  },
  "is_active": true,
  "is_deleted": false,
  "key": "site_key",
  "value": "",
  "description": "recaptcha site key",
  "sub_type": "recaptcha",
  "type": "auth",
  "added_by": {
    "$oid": "5c3b244f9ef510172cd1dcb0"
  },
  "added_date": {
    "$date": "2021-02-08T09:50:58.827Z"
  },
  "updated_at": {
    "$date": "2021-02-08T09:50:58.827Z"
  },
  "__v": 0,
  "updated_by": {
    "$oid": "5c3b244f9ef510172cd1dcb0"
  },
  "value_type": "Free text",
  "is_removable": false
},
{
  "_id": {
    "$oid": "602109a7c1847d66acdf1851"
  },
  "is_active": true,
  "is_deleted": false,
  "key": "secret_key",
  "value": "",
  "description": "recaptcha secret key",
  "sub_type": "recaptcha",
  "type": "auth",
  "added_by": {
    "$oid": "5c3b244f9ef510172cd1dcb0"
  },
  "added_date": {
    "$date": "2021-02-08T09:51:35.065Z"
  },
  "updated_at": {
    "$date": "2021-02-08T09:51:35.065Z"
  },
  "__v": 0,
  "updated_by": {
    "$oid": "5c3b244f9ef510172cd1dcb0"
  },
  "value_type": "Free text",
  "is_removable": false
},
{
  "_id": {
    "$oid": "60210a27c1847d66acdf1852"
  },
  "is_active": true,
  "is_deleted": false,
  "key": "client_id",
  "value": "",
  "description": "google auth client id",
  "sub_type": "google",
  "type": "auth",
  "added_by": {
    "$oid": "5c3b244f9ef510172cd1dcb0"
  },
  "added_date": {
    "$date": "2021-02-08T09:53:43.972Z"
  },
  "updated_at": {
    "$date": "2021-02-08T09:53:43.972Z"
  },
  "__v": 0,
  "updated_by": {
    "$oid": "5c3b244f9ef510172cd1dcb0"
  },
  "value_type": "Free text",
  "is_removable": false
},
{
  "_id": {
    "$oid": "60210a83c1847d66acdf1854"
  },
  "is_active": true,
  "is_deleted": false,
  "key": "client_secret",
  "value": "",
  "description": "google auth client secret key",
  "sub_type": "google",
  "type": "auth",
  "added_by": {
    "$oid": "5c3b244f9ef510172cd1dcb0"
  },
  "added_date": {
    "$date": "2021-02-08T09:55:15.075Z"
  },
  "updated_at": {
    "$date": "2021-02-08T09:55:15.075Z"
  },
  "__v": 0,
  "updated_by": {
    "$oid": "5c3b244f9ef510172cd1dcb0"
  },
  "value_type": "Free text",
  "is_removable": false
},
{
  "_id": {
    "$oid": "60210aebc1847d66acdf1855"
  },
  "is_active": true,
  "is_deleted": false,
  "key": "secret_key",
  "value": "jwtsecret",
  "description": "JWT secret key ssssss",
  "sub_type": "token",
  "type": "auth",
  "added_by": {
    "$oid": "5c3b244f9ef510172cd1dcb0"
  },
  "added_date": {
    "$date": "2021-02-08T09:56:59.559Z"
  },
  "updated_at": {
    "$date": "2021-02-08T09:56:59.559Z"
  },
  "__v": 0,
  "updated_by": {
    "$oid": "5c3b244f9ef510172cd1dcb0"
  },
  "value_type": "Free text",
  "is_removable": false
},
{
  "_id": {
    "$oid": "60210b9bc1847d66acdf1856"
  },
  "is_active": true,
  "is_deleted": false,
  "key": "expiry_time",
  "value": "36000000",
  "description": "JWT expiry key",
  "sub_type": "token",
  "type": "auth",
  "added_by": {
    "$oid": "5c3b244f9ef510172cd1dcb0"
  },
  "added_date": {
    "$date": "2021-02-08T09:59:55.072Z"
  },
  "updated_at": {
    "$date": "2021-02-08T09:59:55.072Z"
  },
  "__v": 0,
  "updated_by": {
    "$oid": "5c3b244f9ef510172cd1dcb0"
  },
  "value_type": "Number",
  "is_removable": false
},
{
  "_id": {
    "$oid": "60210bd0c1847d66acdf1857"
  },
  "is_active": true,
  "is_deleted": false,
  "key": "app_id",
  "value": "",
  "description": "Facebook app id",
  "sub_type": "facebook",
  "type": "auth",
  "added_by": {
    "$oid": "5c3b244f9ef510172cd1dcb0"
  },
  "added_date": {
    "$date": "2021-02-08T10:00:48.018Z"
  },
  "updated_at": {
    "$date": "2021-02-08T10:00:48.018Z"
  },
  "__v": 0,
  "updated_by": {
    "$oid": "5c3b244f9ef510172cd1dcb0"
  },
  "value_type": "Free text",
  "is_removable": false
},
{
  "_id": {
    "$oid": "60210bebc1847d66acdf1858"
  },
  "is_active": true,
  "is_deleted": false,
  "key": "app_secret",
  "value": "",
  "description": "Facebook app secret key",
  "sub_type": "facebook",
  "type": "auth",
  "added_by": {
    "$oid": "5c3b244f9ef510172cd1dcb0"
  },
  "added_date": {
    "$date": "2021-02-08T10:01:15.888Z"
  },
  "updated_at": {
    "$date": "2021-02-08T10:01:15.888Z"
  },
  "__v": 0,
  "updated_by": {
    "$oid": "5c3b244f9ef510172cd1dcb0"
  },
  "value_type": "Free text",
  "is_removable": false
},
{
  "_id": {
    "$oid": "60210c27c1847d66acdf1859"
  },
  "is_active": true,
  "is_deleted": false,
  "key": "allow_login",
  "value": false,
  "description": "Github auth access",
  "type": "auth",
  "added_by": {
    "$oid": "5c3b244f9ef510172cd1dcb0"
  },
  "added_date": {
    "$date": "2021-02-08T10:02:15.083Z"
  },
  "updated_at": {
    "$date": "2021-02-08T10:02:15.083Z"
  },
  "__v": 0,
  "sub_type": "github",
  "updated_by": {
    "$oid": "5c3b244f9ef510172cd1dcb0"
  },
  "value_type": "Boolean",
  "is_removable": false
},
{
  "_id": {
    "$oid": "60210c5fc1847d66acdf185a"
  },
  "is_active": true,
  "is_deleted": false,
  "key": "client_id",
  "value": "",
  "description": "Github client ID",
  "sub_type": "github",
  "type": "auth",
  "added_by": {
    "$oid": "5c3b244f9ef510172cd1dcb0"
  },
  "added_date": {
    "$date": "2021-02-08T10:03:11.052Z"
  },
  "updated_at": {
    "$date": "2021-02-08T10:03:11.052Z"
  },
  "__v": 0,
  "updated_by": {
    "$oid": "5c3b244f9ef510172cd1dcb0"
  },
  "value_type": "Free text",
  "is_removable": false
},
{
  "_id": {
    "$oid": "60210c7ec1847d66acdf185b"
  },
  "is_active": true,
  "is_deleted": false,
  "key": "client_seceret",
  "value": "",
  "description": "Github Client Secret Key",
  "sub_type": "github",
  "type": "auth",
  "added_by": {
    "$oid": "5c3b244f9ef510172cd1dcb0"
  },
  "added_date": {
    "$date": "2021-02-08T10:03:42.351Z"
  },
  "updated_at": {
    "$date": "2021-02-08T10:03:42.351Z"
  },
  "__v": 0,
  "updated_by": {
    "$oid": "5c3b244f9ef510172cd1dcb0"
  },
  "value_type": "Free text",
  "is_removable": false
},
{
  "_id": {
    "$oid": "60211757497d0e77bbc9a4b7"
  },
  "is_active": true,
  "is_deleted": false,
  "key": "check",
  "value": false,
  "description": "to have recaptcha check",
  "sub_type": "recaptcha",
  "type": "auth",
  "added_by": {
    "$oid": "5c3b244f9ef510172cd1dcb0"
  },
  "added_date": {
    "$date": "2021-02-08T10:49:59.814Z"
  },
  "updated_at": {
    "$date": "2021-02-08T10:49:59.814Z"
  },
  "__v": 0,
  "updated_by": {
    "$oid": "5c3b244f9ef510172cd1dcb0"
  },
  "value_type": "Boolean",
  "is_removable": false
},
{
  "_id": {
    "$oid": "602217d66593fb338e2240f3"
  },
  "is_active": true,
  "is_deleted": false,
  "key": "protocol",
  "value": "",
  "type": "email",
  "sub_type": "smtp",
  "description": "smtp protocol",
  "added_by": {
    "$oid": "5c3b244f9ef510172cd1dcb0"
  },
  "added_date": {
    "$date": "2021-02-09T05:04:22.275Z"
  },
  "updated_at": {
    "$date": "2021-02-09T05:04:22.276Z"
  },
  "__v": 0,
  "updated_by": {
    "$oid": "5c3b244f9ef510172cd1dcb0"
  },
  "is_removable": false
},
{
  "_id": {
    "$oid": "602218036593fb338e2240f4"
  },
  "is_active": true,
  "is_deleted": false,
  "key": "email",
  "value": "",
  "type": "email",
  "sub_type": "smtp",
  "description": "smtp sender email",
  "added_by": {
    "$oid": "5c3b244f9ef510172cd1dcb0"
  },
  "added_date": {
    "$date": "2021-02-09T05:05:07.031Z"
  },
  "updated_at": {
    "$date": "2021-02-09T05:05:07.031Z"
  },
  "__v": 0,
  "updated_by": {
    "$oid": "5c3b244f9ef510172cd1dcb0"
  },
  "is_removable": false
},
{
  "_id": {
    "$oid": "6022181e6593fb338e2240f5"
  },
  "is_active": true,
  "is_deleted": false,
  "key": "password",
  "value": "",
  "type": "email",
  "sub_type": "smtp",
  "description": "smtp sender password",
  "added_by": {
    "$oid": "5c3b244f9ef510172cd1dcb0"
  },
  "added_date": {
    "$date": "2021-02-09T05:05:34.543Z"
  },
  "updated_at": {
    "$date": "2021-02-09T05:05:34.543Z"
  },
  "__v": 0,
  "updated_by": {
    "$oid": "5c3b244f9ef510172cd1dcb0"
  },
  "is_removable": false
},
{
  "_id": {
    "$oid": "602218416593fb338e2240f6"
  },
  "is_active": true,
  "is_deleted": false,
  "key": "server",
  "value": "",
  "type": "email",
  "sub_type": "smtp",
  "description": "smtp server",
  "added_by": {
    "$oid": "5c3b244f9ef510172cd1dcb0"
  },
  "added_date": {
    "$date": "2021-02-09T05:06:09.018Z"
  },
  "updated_at": {
    "$date": "2021-02-09T05:06:09.018Z"
  },
  "__v": 0,
  "updated_by": {
    "$oid": "5c3b244f9ef510172cd1dcb0"
  },
  "is_removable": false
},
{
  "_id": {
    "$oid": "602218c863fa303469f4d6fa"
  },
  "is_active": true,
  "is_deleted": false,
  "key": "port",
  "value": "",
  "type": "email",
  "sub_type": "smtp",
  "description": "smtp port",
  "added_by": {
    "$oid": "5c3b244f9ef510172cd1dcb0"
  },
  "added_date": {
    "$date": "2021-02-09T05:08:24.177Z"
  },
  "updated_at": {
    "$date": "2021-02-09T05:08:24.177Z"
  },
  "__v": 0,
  "updated_by": {
    "$oid": "5c3b244f9ef510172cd1dcb0"
  },
  "is_removable": false
},
{
  "_id": {
    "$oid": "602218fa63fa303469f4d6fb"
  },
  "is_active": true,
  "is_deleted": false,
  "key": "secure",
  "value": true,
  "type": "email",
  "sub_type": "smtp",
  "description": "SMTP channel secure",
  "added_by": {
    "$oid": "5c3b244f9ef510172cd1dcb0"
  },
  "added_date": {
    "$date": "2021-02-09T05:09:14.132Z"
  },
  "updated_at": {
    "$date": "2021-02-09T05:09:14.132Z"
  },
  "__v": 0,
  "updated_by": {
    "$oid": "5c3b244f9ef510172cd1dcb0"
  },
  "value_type": "Boolean",
  "is_removable": false
},
{
  "_id": {
    "$oid": "6022193f63fa303469f4d6fc"
  },
  "is_active": true,
  "is_deleted": false,
  "key": "channel",
  "value": "waft",
  "type": "email",
  "sub_type": "email",
  "description": "selection of email channel (smtp, mailgun, sendgrid, sendblue)",
  "added_by": {
    "$oid": "5c3b244f9ef510172cd1dcb0"
  },
  "added_date": {
    "$date": "2021-02-09T05:10:23.410Z"
  },
  "updated_at": {
    "$date": "2021-02-09T05:10:23.410Z"
  },
  "__v": 0,
  "updated_by": {
    "$oid": "5c3b244f9ef510172cd1dcb0"
  },
  "value_type": "Free text",
  "is_removable": false
},
{
  "_id": {
    "$oid": "6022196e63fa303469f4d6fd"
  },
  "is_active": true,
  "is_deleted": false,
  "key": "api_key",
  "value": "",
  "type": "email",
  "sub_type": "mailgun",
  "description": "api key of mailgun email service",
  "added_by": {
    "$oid": "5c3b244f9ef510172cd1dcb0"
  },
  "added_date": {
    "$date": "2021-02-09T05:11:10.927Z"
  },
  "updated_at": {
    "$date": "2021-02-09T05:11:10.927Z"
  },
  "__v": 0,
  "updated_by": {
    "$oid": "5c3b244f9ef510172cd1dcb0"
  },
  "is_removable": false
},
{
  "_id": {
    "$oid": "6022199663fa303469f4d6fe"
  },
  "is_active": true,
  "is_deleted": false,
  "key": "domain",
  "value": "",
  "type": "email",
  "sub_type": "mailgun",
  "description": "mailgun domain",
  "added_by": {
    "$oid": "5c3b244f9ef510172cd1dcb0"
  },
  "added_date": {
    "$date": "2021-02-09T05:11:50.272Z"
  },
  "updated_at": {
    "$date": "2021-02-09T05:11:50.273Z"
  },
  "__v": 0,
  "updated_by": {
    "$oid": "5c3b244f9ef510172cd1dcb0"
  },
  "is_removable": false
},
{
  "_id": {
    "$oid": "602219cc63fa303469f4d6ff"
  },
  "is_active": true,
  "is_deleted": false,
  "key": "api_key",
  "value": "",
  "type": "email",
  "sub_type": "sendgrid",
  "description": "sendgrid api key",
  "added_by": {
    "$oid": "5c3b244f9ef510172cd1dcb0"
  },
  "added_date": {
    "$date": "2021-02-09T05:12:44.187Z"
  },
  "updated_at": {
    "$date": "2021-02-09T05:12:44.187Z"
  },
  "__v": 0,
  "updated_by": {
    "$oid": "5c3b244f9ef510172cd1dcb0"
  },
  "is_removable": false
},
{
  "_id": {
    "$oid": "60221a3663fa303469f4d700"
  },
  "is_active": true,
  "is_deleted": false,
  "key": "is_public_registration",
  "value": true,
  "type": "auth",
  "sub_type": "user",
  "description": "public registration status allow or disallow",
  "added_by": {
    "$oid": "5c3b244f9ef510172cd1dcb0"
  },
  "added_date": {
    "$date": "2021-02-09T05:14:30.901Z"
  },
  "updated_at": {
    "$date": "2021-02-09T05:14:30.901Z"
  },
  "__v": 0,
  "updated_by": {
    "$oid": "5c3b244f9ef510172cd1dcb0"
  },
  "value_type": "Boolean",
  "is_removable": false
},
{
  "_id": {
    "$oid": "602225b25307d63d9b0247ef"
  },
  "is_active": true,
  "is_deleted": false,
  "key": "sender_name",
  "value": "",
  "type": "email",
  "sub_type": "sendblue",
  "description": "send blue sender name",
  "added_by": {
    "$oid": "5c3b244f9ef510172cd1dcb0"
  },
  "added_date": {
    "$date": "2021-02-09T06:03:30.828Z"
  },
  "updated_at": {
    "$date": "2021-02-09T06:03:30.828Z"
  },
  "__v": 0,
  "updated_by": {
    "$oid": "5c3b244f9ef510172cd1dcb0"
  },
  "is_removable": false
},
{
  "_id": {
    "$oid": "602226145307d63d9b0247f0"
  },
  "is_active": true,
  "is_deleted": false,
  "key": "sender_email",
  "value": "",
  "type": "email",
  "sub_type": "sendblue",
  "description": "sendblue sender email",
  "added_by": {
    "$oid": "5c3b244f9ef510172cd1dcb0"
  },
  "added_date": {
    "$date": "2021-02-09T06:05:08.869Z"
  },
  "updated_at": {
    "$date": "2021-02-09T06:05:08.869Z"
  },
  "__v": 0,
  "updated_by": {
    "$oid": "5c3b244f9ef510172cd1dcb0"
  },
  "is_removable": false
},
{
  "_id": {
    "$oid": "602226775307d63d9b0247f1"
  },
  "is_active": true,
  "is_deleted": false,
  "key": "api_key",
  "value": "",
  "type": "email",
  "sub_type": "sendblue",
  "description": "send blue api key",
  "added_by": {
    "$oid": "5c3b244f9ef510172cd1dcb0"
  },
  "added_date": {
    "$date": "2021-02-09T06:06:47.073Z"
  },
  "updated_at": {
    "$date": "2021-02-09T06:06:47.073Z"
  },
  "__v": 0,
  "updated_by": {
    "$oid": "5c3b244f9ef510172cd1dcb0"
  },
  "is_removable": false
},
{
  "_id": {
    "$oid": "6023aade4df37c9859d8af0e"
  },
  "is_active": true,
  "is_deleted": false,
  "key": "secret_key_mobile",
  "value": "",
  "type": "auth",
  "sub_type": "recaptcha",
  "description": "",
  "added_by": {
    "$oid": "5c3b244f9ef510172cd1dcb0"
  },
  "added_date": {
    "$date": "2021-02-10T09:43:58.779Z"
  },
  "updated_at": {
    "$date": "2021-02-10T09:43:58.779Z"
  },
  "__v": 0,
  "is_removable": false
},
{
  "_id": {
    "$oid": "6023ab0a4df37c9859d8af0f"
  },
  "is_active": true,
  "is_deleted": false,
  "key": "secret_key_ios",
  "value": "",
  "type": "auth",
  "sub_type": "recaptcha",
  "description": "",
  "added_by": {
    "$oid": "5c3b244f9ef510172cd1dcb0"
  },
  "added_date": {
    "$date": "2021-02-10T09:44:42.965Z"
  },
  "updated_at": {
    "$date": "2021-02-10T09:44:42.965Z"
  },
  "__v": 0,
  "updated_by": {
    "$oid": "5c3b244f9ef510172cd1dcb0"
  },
  "value_type": "Free text",
  "is_removable": false
},
{
  "_id": {
    "$oid": "6024c744816e556b4ebb776f"
  },
  "is_active": true,
  "is_deleted": false,
  "key": "force_allow_email_verify",
  "value": false,
  "type": "user",
  "sub_type": "email",
  "description": "force allow email verify",
  "added_by": {
    "$oid": "5c3b244f9ef510172cd1dcb0"
  },
  "added_date": {
    "$date": "2021-02-11T05:57:24.776Z"
  },
  "updated_at": {
    "$date": "2021-02-11T05:57:24.776Z"
  },
  "__v": 0,
  "updated_by": {
    "$oid": "5c3b244f9ef510172cd1dcb0"
  },
  "value_type": "Boolean",
  "is_removable": false
},
{
  "_id": {
    "$oid": "6024d11bb1c71e75aa02f039"
  },
  "is_active": true,
  "is_deleted": false,
  "key": "public_register_role",
  "value_type": "Free text",
  "value": "5bf7ae90736db01f8fa21a24",
  "type": "auth",
  "sub_type": "roles",
  "description": "giving id of roles to the public registered accounts",
  "added_by": {
    "$oid": "5c3b244f9ef510172cd1dcb0"
  },
  "added_date": {
    "$date": "2021-02-11T06:39:23.514Z"
  },
  "updated_at": {
    "$date": "2021-02-11T06:39:23.514Z"
  },
  "__v": 0,
  "updated_by": {
    "$oid": "5c3b244f9ef510172cd1dcb0"
  },
  "is_removable": false
},
{
  "_id": {
    "$oid": "6024d151b1c71e75aa02f03a"
  },
  "is_active": true,
  "is_deleted": false,
  "key": "public_register_email_template",
  "value_type": "Free text",
  "value": "user_registration",
  "type": "template",
  "sub_type": "email",
  "description": "email template for public regestration",
  "added_by": {
    "$oid": "5c3b244f9ef510172cd1dcb0"
  },
  "added_date": {
    "$date": "2021-02-11T06:40:17.314Z"
  },
  "updated_at": {
    "$date": "2021-02-11T06:40:17.314Z"
  },
  "__v": 0,
  "updated_by": {
    "$oid": "5c3b244f9ef510172cd1dcb0"
  },
  "is_removable": false
},
{
  "_id": {
    "$oid": "6024d1cfb1c71e75aa02f03b"
  },
  "is_active": true,
  "is_deleted": false,
  "key": "public_register_auth_template",
  "value_type": "Free text",
  "value": "third_party_signup",
  "type": "template",
  "sub_type": "email",
  "description": "email template for a public register auth",
  "added_by": {
    "$oid": "5c3b244f9ef510172cd1dcb0"
  },
  "added_date": {
    "$date": "2021-02-11T06:42:23.487Z"
  },
  "updated_at": {
    "$date": "2021-02-11T06:42:23.487Z"
  },
  "__v": 0,
  "updated_by": {
    "$oid": "5c3b244f9ef510172cd1dcb0"
  },
  "is_removable": false
},
{
  "_id": {
    "$oid": "6024d220b1c71e75aa02f03c"
  },
  "is_active": true,
  "is_deleted": false,
  "key": "verify_mail_template",
  "value_type": "Free text",
  "value": "verify_mail",
  "type": "template",
  "sub_type": "email",
  "description": "template for verify email",
  "added_by": {
    "$oid": "5c3b244f9ef510172cd1dcb0"
  },
  "added_date": {
    "$date": "2021-02-11T06:43:44.564Z"
  },
  "updated_at": {
    "$date": "2021-02-11T06:43:44.564Z"
  },
  "__v": 0,
  "updated_by": {
    "$oid": "5c3b244f9ef510172cd1dcb0"
  },
  "is_removable": false
},
{
  "_id": {
    "$oid": "6024d2efb1c71e75aa02f03d"
  },
  "is_active": true,
  "is_deleted": false,
  "key": "forgot_password_mail_template",
  "value_type": "Free text",
  "value": "forgot_password",
  "type": "template",
  "sub_type": "email",
  "description": "email template for forgot password",
  "added_by": {
    "$oid": "5c3b244f9ef510172cd1dcb0"
  },
  "added_date": {
    "$date": "2021-02-11T06:47:11.222Z"
  },
  "updated_at": {
    "$date": "2021-02-11T06:47:11.223Z"
  },
  "__v": 0,
  "is_removable": false,
  "updated_by": {
    "$oid": "5c3b244f9ef510172cd1dcb0"
  }
},
{
  "_id": {
    "$oid": "6024d325b1c71e75aa02f03e"
  },
  "is_active": true,
  "is_deleted": false,
  "key": "two_fa_email_template",
  "value_type": "Free text",
  "value": "two_fa_email",
  "type": "template",
  "sub_type": "email",
  "description": "email template for two factor authentication",
  "added_by": {
    "$oid": "5c3b244f9ef510172cd1dcb0"
  },
  "added_date": {
    "$date": "2021-02-11T06:48:05.115Z"
  },
  "updated_at": {
    "$date": "2021-02-11T06:48:05.116Z"
  },
  "__v": 0,
  "is_removable": false,
  "updated_by": {
    "$oid": "5c3b244f9ef510172cd1dcb0"
  }
},
{
  "_id": {
    "$oid": "6035d9faf548e52dfcd2f542"
  },
  "is_active": true,
  "is_deleted": false,
  "is_removable": false,
  "key": "header",
  "value_type": "ck_editor",
  "value": "<title></title>\n<table bgcolor=\"#F7F7F7\" cellspacing=\"1px\" width=\"100%\">\n\t<tbody>\n\t\t<tr>\n\t\t\t<td>\n\t\t\t<table bgcolor=\"#FFFFFF\" cellpadding=\"15px\" cellspacing=\"5px\" width=\"100%\">\n\t\t\t\t<tbody>\n\t\t\t\t\t<tr>\n\t\t\t\t\t\t<td><img alt=\"WaftEngine\" src=\"https://waftengine.org/public/files/DEA25E60CA7233E-we.png\" style=\"height: 28px; width: 127px;\" /></td>\n\t\t\t\t\t\t<td>&nbsp;</td>\n\t\t\t\t\t</tr>\n\t\t\t\t</tbody>\n\t\t\t\t<tbody>\n\t\t\t\t</tbody>\n\t\t\t</table>\n\t\t\t</td>\n\t\t</tr>\n\t</tbody>\n</table>\n<style type=\"text/css\">.tb_button {padding:1px;cursor:pointer;border-right: 1px solid #8b8b8b;border-left: 1px solid #FFF;border-bottom: 1px solid #fff;}.tb_button.hover {borer:2px outset #def; background-color: #f8f8f8 !important;}.ws_toolbar {z-index:100000} .ws_toolbar .ws_tb_btn {cursor:pointer;border:1px solid #555;padding:3px}   .tb_highlight{background-color:yellow} .tb_hide {visibility:hidden} .ws_toolbar img {padding:2px;margin:0px}\n</style>\n",
  "type": "template",
  "sub_type": "email",
  "description": "this contains header for all the email templates",
  "added_by": {
    "$oid": "5c3b244f9ef510172cd1dcb0"
  },
  "added_date": {
    "$date": "2021-02-24T04:45:46.913Z"
  },
  "updated_at": {
    "$date": "2021-02-24T04:45:46.913Z"
  },
  "__v": 0,
  "updated_by": {
    "$oid": "5c3b244f9ef510172cd1dcb0"
  }
},
{
  "_id": {
    "$oid": "6035da30f548e52dfcd2f543"
  },
  "is_active": true,
  "is_deleted": false,
  "is_removable": false,
  "key": "footer",
  "value_type": "ck_editor",
  "value": "<table bgcolor=\"#FFFFFF\" cellpadding=\"5px\" cellspacing=\"5px\" width=\"100%\">\n\t<tbody>\n\t\t<tr>\n\t\t\t<td>\n\t\t\t<p>Best Regards,<br />\n\t\t\tWaftEngine Team<br />\n\t\t\t<a href=\"mailto:admin@waftengine.org\" style=\"color: #3498db;\">admin@waftengine.org</a><br />\n\t\t\t<a href=\"https://waftengine.org\" style=\"color: #3498db;\">https://waftengine.org</a></p>\n\t\t\t</td>\n\t\t</tr>\n\t</tbody>\n</table>\n\n<table bgcolor=\"#FFFFFF\" cellpadding=\"5px\" cellspacing=\"5px\" width=\"100%\">\n</table>\n<style type=\"text/css\">.tb_button {padding:1px;cursor:pointer;border-right: 1px solid #8b8b8b;border-left: 1px solid #FFF;border-bottom: 1px solid #fff;}.tb_button.hover {borer:2px outset #def; background-color: #f8f8f8 !important;}.ws_toolbar {z-index:100000} .ws_toolbar .ws_tb_btn {cursor:pointer;border:1px solid #555;padding:3px}   .tb_highlight{background-color:yellow} .tb_hide {visibility:hidden} .ws_toolbar img {padding:2px;margin:0px}\n</style>\n<style type=\"text/css\">.tb_button {padding:1px;cursor:pointer;border-right: 1px solid #8b8b8b;border-left: 1px solid #FFF;border-bottom: 1px solid #fff;}.tb_button.hover {borer:2px outset #def; background-color: #f8f8f8 !important;}.ws_toolbar {z-index:100000} .ws_toolbar .ws_tb_btn {cursor:pointer;border:1px solid #555;padding:3px}   .tb_highlight{background-color:yellow} .tb_hide {visibility:hidden} .ws_toolbar img {padding:2px;margin:0px}\n</style>\n<style type=\"text/css\">.tb_button {padding:1px;cursor:pointer;border-right: 1px solid #8b8b8b;border-left: 1px solid #FFF;border-bottom: 1px solid #fff;}.tb_button.hover {borer:2px outset #def; background-color: #f8f8f8 !important;}.ws_toolbar {z-index:100000} .ws_toolbar .ws_tb_btn {cursor:pointer;border:1px solid #555;padding:3px}   .tb_highlight{background-color:yellow} .tb_hide {visibility:hidden} .ws_toolbar img {padding:2px;margin:0px}\n</style>\n<style type=\"text/css\">.tb_button {padding:1px;cursor:pointer;border-right: 1px solid #8b8b8b;border-left: 1px solid #FFF;border-bottom: 1px solid #fff;}.tb_button.hover {borer:2px outset #def; background-color: #f8f8f8 !important;}.ws_toolbar {z-index:100000} .ws_toolbar .ws_tb_btn {cursor:pointer;border:1px solid #555;padding:3px}   .tb_highlight{background-color:yellow} .tb_hide {visibility:hidden} .ws_toolbar img {padding:2px;margin:0px}\n</style>\n",
  "type": "template",
  "sub_type": "email",
  "description": "This setting contains footer for all the email templates",
  "added_by": {
    "$oid": "5c3b244f9ef510172cd1dcb0"
  },
  "added_date": {
    "$date": "2021-02-24T04:46:40.989Z"
  },
  "updated_at": {
    "$date": "2021-02-24T04:46:40.989Z"
  },
  "__v": 0,
  "updated_by": {
    "$oid": "5c3b244f9ef510172cd1dcb0"
  }
},
{
  "_id": {
    "$oid": "603de1de7eb8f82e5c7ba3d7"
  },
  "is_active": true,
  "is_deleted": false,
  "is_removable": false,
  "key": "contact_to_admin",
  "value_type": "Free text",
  "value": "contact_to_admin",
  "type": "template",
  "sub_type": "email",
  "description": "this email template is to contact admin",
  "added_by": {
    "$oid": "5c3b244f9ef510172cd1dcb0"
  },
  "added_date": {
    "$date": "2021-03-02T06:57:34.710Z"
  },
  "updated_at": {
    "$date": "2021-03-02T06:57:34.710Z"
  },
  "__v": 0,
  "updated_by": {
    "$oid": "5c3b244f9ef510172cd1dcb0"
  }
},
{
  "_id": {
    "$oid": "603de22d7eb8f82e5c7ba3d8"
  },
  "is_active": true,
  "is_deleted": false,
  "is_removable": false,
  "key": "user_subscribe",
  "value_type": "Free text",
  "value": "user_subscribe",
  "type": "template",
  "sub_type": "email",
  "description": "this template is to send email to user subscribe",
  "added_by": {
    "$oid": "5c3b244f9ef510172cd1dcb0"
  },
  "added_date": {
    "$date": "2021-03-02T06:58:53.162Z"
  },
  "updated_at": {
    "$date": "2021-03-02T06:58:53.162Z"
  },
  "__v": 0,
  "updated_by": {
    "$oid": "5c3b244f9ef510172cd1dcb0"
  }
},
{
  "_id": {
    "$oid": "603de2737eb8f82e5c7ba3d9"
  },
  "is_active": true,
  "is_deleted": false,
  "is_removable": false,
  "key": "contact_to_user",
  "value_type": "Free text",
  "value": "contact_to_user",
  "type": "template",
  "sub_type": "email",
  "description": "this is email template to send contact to user",
  "added_by": {
    "$oid": "5c3b244f9ef510172cd1dcb0"
  },
  "added_date": {
    "$date": "2021-03-02T07:00:03.491Z"
  },
  "updated_at": {
    "$date": "2021-03-02T07:00:03.491Z"
  },
  "__v": 0,
  "updated_by": {
    "$oid": "5c3b244f9ef510172cd1dcb0"
  }
},
{
  "_id": {
    "$oid": "605b1f294212710cb46ef415"
  },
  "is_active": true,
  "is_deleted": false,
  "is_removable": false,
  "key": "email_array",
  "value_type": "Array",
  "value": [
    "admin@waftengine.org"
  ],
  "type": "user",
  "sub_type": "admin_email",
  "description": "Email Address of Admin for sending mail from contacts.",
  "added_by": {
    "$oid": "5c3b244f9ef510172cd1dcb0"
  },
  "added_date": {
    "$date": "2021-03-24T11:14:49.870Z"
  },
  "updated_at": {
    "$date": "2021-03-24T11:14:49.870Z"
  },
  "__v": 0,
  "updated_by": {
    "$oid": "5c3b244f9ef510172cd1dcb0"
  }
},
{
  "_id": {
    "$oid": "605b20f1ca84c41d98b36ab0"
  },
  "is_active": true,
  "is_deleted": false,
  "is_removable": false,
  "key": "url",
  "value_type": "Free text",
  "value": "http://localhost:5051/",
  "type": "global",
  "sub_type": "client_url",
  "description": "Client URL",
  "added_by": {
    "$oid": "5c3b244f9ef510172cd1dcb0"
  },
  "added_date": {
    "$date": "2021-03-24T11:22:25.930Z"
  },
  "updated_at": {
    "$date": "2021-03-24T11:22:25.930Z"
  },
  "__v": 0
},
{
  "_id": {
    "$oid": "605b2299838ee02214a54c37"
  },
  "is_active": true,
  "is_deleted": false,
  "is_removable": false,
  "key": "server_url",
  "value_type": "Free text",
  "value": "http://localhost:5050/",
  "type": "global",
  "sub_type": "url",
  "description": "Server Url of Application",
  "added_by": {
    "$oid": "5c3b244f9ef510172cd1dcb0"
  },
  "added_date": {
    "$date": "2021-03-24T11:29:29.563Z"
  },
  "updated_at": {
    "$date": "2021-03-24T11:29:29.563Z"
  },
  "__v": 0
},
{
  "_id": {
    "$oid": "605b22bc838ee02214a54c38"
  },
  "is_active": true,
  "is_deleted": false,
  "is_removable": false,
  "key": "application_name",
  "value_type": "Free text",
  "value": "WaftEngine",
  "type": "global",
  "sub_type": "application",
  "description": "Application Name",
  "added_by": {
    "$oid": "5c3b244f9ef510172cd1dcb0"
  },
  "added_date": {
    "$date": "2021-03-24T11:30:04.853Z"
  },
  "updated_at": {
    "$date": "2021-03-24T11:30:04.853Z"
  },
  "__v": 0
},
{
  "_id": {
    "$oid": "607bd790c6693e1390e5b65c"
  },
  "is_active": true,
  "is_deleted": false,
  "is_removable": false,
  "type": "testimonial",
  "sub_type": "settings",
  "key": "testimonial_settings",
  "added_by": {
    "$oid": "5c3b244f9ef510172cd1dcb0"
  },
  "value": {
    "arrows": true,
    "dots": true,
    "slidesPerRow": 1,
    "slidesToScroll": 1,
    "slidesToShow": 1,
    "centerMode": false,
    "centerPadding": "",
    "autoplay": true,
    "autoplaySpeed": 3000,
    "focusOnSelect": false,
    "className": "",
    "extra_setting": ""
  },
  "added_date": {
    "$date": "2021-04-18T06:54:08.795Z"
  },
  "updated_at": {
    "$date": "2021-04-18T06:54:08.795Z"
  },
  "__v": 0
}]