[{
  "_id": {
    "$oid": "5cd3e8c38b04033660064364"
  },
  "access_type": [
    {
      "$oid": "5cd3c73d8b040336600642fd"
    },
    {
      "$oid": "5cd3c73d8b040336600642fb"
    },
    {
      "$oid": "5cd3c73d8b040336600642f7"
    },
    {
      "$oid": "5cd3c73d8b040336600642f9"
    }
  ],
  "is_active": true,
  "module_id": {
    "$oid": "5cd3c73d8b040336600642f6"
  },
  "role_id": {
    "$oid": "5bf7ae3694db051f5486f845"
  },
  "added_at": {
    "$date": "2019-05-09T08:45:55.482Z"
  },
  "__v": 0
},
{
  "_id": {
    "$oid": "5cd3e9058b0403366006436f"
  },
  "access_type": [
    {
      "$oid": "5cd3cddf8b04033660064312"
    },
    {
      "$oid": "5cd3cddf8b04033660064315"
    },
    {
      "$oid": "5cd3cddf8b04033660064310"
    },
    {
      "$oid": "5cd3cddf8b0403366006430e"
    },
    {
      "$oid": "5cd3edb19130d31ab88c1e4e"
    }
  ],
  "is_active": true,
  "module_id": {
    "$oid": "5cd3cddf8b0403366006430d"
  },
  "role_id": {
    "$oid": "5bf7ae3694db051f5486f845"
  },
  "added_at": {
    "$date": "2019-05-09T08:47:01.067Z"
  },
  "__v": 0
},
{
  "_id": {
    "$oid": "5bffbeae5183195d8be4cb4f"
  },
  "__v": 0,
  "access_type": [
    {
      "$oid": "5bf8d90abeaa311eef2ae8b1"
    },
    {
      "$oid": "5bf8d90abeaa311eef2ae8b2"
    },
    {
      "$oid": "5bf8d90abeaa311eef2ae8b3"
    },
    {
      "$oid": "5bf8d90abeaa311eef2ae8b4"
    },
    {
      "$oid": "5c0fa4d90acc243d0e1b8240"
    }
  ],
  "module_id": {
    "$oid": "5bf8d8d6beaa311eef2ae8b0"
  },
  "role_id": {
    "$oid": "5bf7ae3694db051f5486f845"
  },
  "added_at": {
    "$date": "2018-11-29T10:25:50.541Z"
  },
  "is_active": true
},
{
  "_id": {
    "$oid": "5cd3e82a8b0403366006434f"
  },
  "access_type": [
    {
      "$oid": "5cd3ca6a8b0403366006430b"
    },
    {
      "$oid": "5cd3ca6a8b04033660064309"
    },
    {
      "$oid": "5ffae48f854e451e30635f90"
    },
    {
      "$oid": "6020ea3f1932b15ad6617d6e"
    },
    {
      "$oid": "6020e91ba4c0b35590a6807b"
    },
    {
      "$oid": "6028f81a807b981c6ec4274e"
    }
  ],
  "is_active": true,
  "module_id": {
    "$oid": "5cd3ca6a8b04033660064308"
  },
  "role_id": {
    "$oid": "5bf7ae3694db051f5486f845"
  },
  "added_at": {
    "$date": "2019-05-09T08:43:22.966Z"
  },
  "__v": 0
},
{
  "_id": {
    "$oid": "5cd3e9568b0403366006437a"
  },
  "access_type": [
    {
      "$oid": "5cd3d23a8b0403366006432a"
    },
    {
      "$oid": "5cd3d23a8b04033660064328"
    },
    {
      "$oid": "5cd3d23a8b04033660064326"
    },
    {
      "$oid": "6024d2720c691c1cc0ee9ae3"
    }
  ],
  "is_active": true,
  "module_id": {
    "$oid": "5cd3d23a8b04033660064325"
  },
  "role_id": {
    "$oid": "5bf7ae3694db051f5486f845"
  },
  "added_at": {
    "$date": "2019-05-09T08:48:22.109Z"
  },
  "__v": 0
},
{
  "_id": {
    "$oid": "5f5473cd32d63109d87a27dc"
  },
  "access_type": [
    {
      "$oid": "5f5473c432d63109d87a27d7"
    },
    {
      "$oid": "5f5473c432d63109d87a27d9"
    },
    {
      "$oid": "600800a48c9b093f90161c7e"
    }
  ],
  "is_active": true,
  "module_id": {
    "$oid": "5f5473c432d63109d87a27d6"
  },
  "role_id": {
    "$oid": "5bf7ae3694db051f5486f845"
  },
  "added_at": {
    "$date": "2020-09-06T05:29:49.742Z"
  },
  "__v": 0
},
{
  "_id": {
    "$oid": "5bffbe7d5183195d8be4cb4e"
  },
  "__v": 0,
  "access_type": [
    {
      "$oid": "5bfbdf187fa8ad6350151f39"
    },
    {
      "$oid": "5bfbdf187fa8ad6350151f37"
    },
    {
      "$oid": "5bfbdf187fa8ad6350151f35"
    },
    {
      "$oid": "5bfbdf187fa8ad6350151f33"
    },
    {
      "$oid": "5bfbdf187fa8ad6350151f31"
    },
    {
      "$oid": "5f5710982c8a11121c6c9cc8"
    },
    {
      "$oid": "5f70320e62488624f05b8056"
    }
  ],
  "module_id": {
    "$oid": "5bfbdf187fa8ad6350151f30"
  },
  "role_id": {
    "$oid": "5bf7ae3694db051f5486f845"
  },
  "added_at": {
    "$date": "2018-11-29T10:25:01.015Z"
  },
  "is_active": true
},
{
  "_id": {
    "$oid": "5bffbeea5183195d8be4cb50"
  },
  "__v": 0,
  "access_type": [
    {
      "$oid": "5bfbe1c1746f36655db2a18f"
    },
    {
      "$oid": "5bfbe1c1746f36655db2a18d"
    },
    {
      "$oid": "5bfbe1c1746f36655db2a18b"
    },
    {
      "$oid": "5bfbe1c1746f36655db2a189"
    },
    {
      "$oid": "5c0f95d8a7e10e33b28d212c"
    },
    {
      "$oid": "5bfbe1c1746f36655db2a191"
    }
  ],
  "module_id": {
    "$oid": "5bfbe1c1746f36655db2a188"
  },
  "role_id": {
    "$oid": "5bf7ae3694db051f5486f845"
  },
  "added_at": {
    "$date": "2018-11-29T10:26:50.706Z"
  },
  "is_active": true
},
{
  "_id": {
    "$oid": "5cd3e8868b04033660064355"
  },
  "access_type": [
    {
      "$oid": "5cd2beb6b4c50e01700fa3b3"
    },
    {
      "$oid": "5cd3b5d18b04033660064286"
    },
    {
      "$oid": "5cd3b5d18b04033660064282"
    },
    {
      "$oid": "5cd3b5d18b04033660064280"
    },
    {
      "$oid": "5cd2beb6b4c50e01700fa3b1"
    },
    {
      "$oid": "5cd3b5d18b0403366006427e"
    },
    {
      "$oid": "5cd3b5d18b0403366006427c"
    },
    {
      "$oid": "5cd3b5d18b04033660064278"
    },
    {
      "$oid": "5cfe06b0bb12ee19d1603af0"
    },
    {
      "$oid": "5cd3b5d18b0403366006427a"
    },
    {
      "$oid": "5cd3f4abd0d7622540510e9d"
    },
    {
      "$oid": "5cd3b5d18b04033660064288"
    },
    {
      "$oid": "5d528a0bc84d4c0b0b73f281"
    },
    {
      "$oid": "5d7f76e43f12ff13d808d73f"
    },
    {
      "$oid": "5cd2beb6b4c50e01700fa3b5"
    }
  ],
  "is_active": true,
  "module_id": {
    "$oid": "5cd2bc94b4c50e01700fa3aa"
  },
  "role_id": {
    "$oid": "5bf7ae3694db051f5486f845"
  },
  "added_at": {
    "$date": "2019-05-09T08:44:54.186Z"
  },
  "__v": 0
},
{
  "_id": {
    "$oid": "5cd3e75e8b0403366006433e"
  },
  "access_type": [
    {
      "$oid": "5cd3b6e98b04033660064291"
    },
    {
      "$oid": "5dd78a8709111114e013fab7"
    },
    {
      "$oid": "5de6592e3f38f219f81d7df1"
    }
  ],
  "is_active": true,
  "module_id": {
    "$oid": "5cd3b6e98b04033660064290"
  },
  "role_id": {
    "$oid": "5bf7ae3694db051f5486f845"
  },
  "added_at": {
    "$date": "2019-05-09T08:39:58.216Z"
  },
  "__v": 0
},
{
  "_id": {
    "$oid": "5cd3e81b8b0403366006434d"
  },
  "access_type": [
    {
      "$oid": "5cd3bfc08b040336600642cf"
    },
    {
      "$oid": "5cd3bfc08b040336600642cc"
    },
    {
      "$oid": "5cd3bfc08b040336600642ca"
    },
    {
      "$oid": "5cd3f443d0d7622540510e91"
    },
    {
      "$oid": "5df71ee1da995c48e8c648a7"
    }
  ],
  "is_active": true,
  "module_id": {
    "$oid": "5cd3bfc08b040336600642c9"
  },
  "role_id": {
    "$oid": "5bf7ae3694db051f5486f845"
  },
  "added_at": {
    "$date": "2019-05-09T08:43:07.222Z"
  },
  "__v": 0
},
{
  "_id": {
    "$oid": "5cd3e9408b04033660064378"
  },
  "access_type": [
    {
      "$oid": "5cd3d0948b0403366006431f"
    },
    {
      "$oid": "5cd3d0948b04033660064321"
    },
    {
      "$oid": "5cd3d0948b04033660064323"
    },
    {
      "$oid": "5cfe2ffbb6255d290dc673fb"
    }
  ],
  "is_active": true,
  "module_id": {
    "$oid": "5cd3d0948b0403366006431e"
  },
  "role_id": {
    "$oid": "5bf7ae3694db051f5486f845"
  },
  "added_at": {
    "$date": "2019-05-09T08:48:00.008Z"
  },
  "__v": 0
},
{
  "_id": {
    "$oid": "5df08636b70c3715089f8145"
  },
  "access_type": [
    {
      "$oid": "5df0862bb70c3715089f8144"
    },
    {
      "$oid": "5df08ed48487fe1bc2fc5b9b"
    },
    {
      "$oid": "5df08ed48487fe1bc2fc5b99"
    }
  ],
  "is_active": true,
  "module_id": {
    "$oid": "5df0862bb70c3715089f8143"
  },
  "role_id": {
    "$oid": "5bf7ae3694db051f5486f845"
  },
  "added_at": {
    "$date": "2019-12-11T06:01:26.867Z"
  },
  "__v": 0
},
{
  "_id": {
    "$oid": "5de7952169ab9b499ed8ddcc"
  },
  "access_type": [
    {
      "$oid": "5de7950969ab9b499ed8ddc9"
    },
    {
      "$oid": "5de7994a69ab9b499ed8ddcf"
    },
    {
      "$oid": "5de7994a69ab9b499ed8ddce"
    },
    {
      "$oid": "5ec0ce24b8dacf0b9ca586d9"
    }
  ],
  "is_active": true,
  "module_id": {
    "$oid": "5de7950969ab9b499ed8ddc8"
  },
  "role_id": {
    "$oid": "5bf7ae3694db051f5486f845"
  },
  "added_at": {
    "$date": "2019-12-04T11:14:41.945Z"
  },
  "__v": 0
},
{
  "_id": {
    "$oid": "5cfe0a30bb12ee19d1603b2c"
  },
  "access_type": [
    {
      "$oid": "5d52500bd78bdc14cc8c35bd"
    },
    {
      "$oid": "5cfe0a17bb12ee19d1603b2a"
    }
  ],
  "is_active": true,
  "module_id": {
    "$oid": "5cfe0978bb12ee19d1603b29"
  },
  "role_id": {
    "$oid": "5bf7ae3694db051f5486f845"
  },
  "added_at": {
    "$date": "2019-06-10T07:43:44.925Z"
  },
  "__v": 0
},
{
  "_id": {
    "$oid": "5cd3e7ae8b04033660064345"
  },
  "access_type": [
    {
      "$oid": "5cd3ba6d8b040336600642c3"
    },
    {
      "$oid": "5cd3ba6d8b040336600642c7"
    },
    {
      "$oid": "5cd3ba6d8b040336600642c5"
    },
    {
      "$oid": "5cfe2dccb6255d290dc673df"
    }
  ],
  "is_active": true,
  "module_id": {
    "$oid": "5cd3ba6d8b040336600642c2"
  },
  "role_id": {
    "$oid": "5bf7ae3694db051f5486f845"
  },
  "added_at": {
    "$date": "2019-05-09T08:41:18.515Z"
  },
  "__v": 0
},
{
  "_id": {
    "$oid": "603333481e97c71d057c43f0"
  },
  "access_type": [
    {
      "$oid": "6023c1e23146f70fe8a8d98f"
    },
    {
      "$oid": "6023c1e23146f70fe8a8d991"
    },
    {
      "$oid": "6023c1e23146f70fe8a8d993"
    },
    {
      "$oid": "6023c1e23146f70fe8a8d995"
    },
    {
      "$oid": "6023c2213146f70fe8a8d99f"
    },
    {
      "$oid": "603f3d728722a64f4f814856"
    }
  ],
  "is_active": true,
  "module_id": {
    "$oid": "6023c1e23146f70fe8a8d98e"
  },
  "role_id": {
    "$oid": "5bf7ae3694db051f5486f845"
  },
  "added_at": {
    "$date": "2021-02-22T04:30:00.326Z"
  },
  "__v": 0
},
{
  "_id": {
    "$oid": "64705a38102e250698885fc2"
  },
  "access_type": [
    {
      "$oid": "64705a38102e250698885fbf"
    },
    {
      "$oid": "64708db836750e17b08a31f8"
    },
    {
      "$oid": "64708db836750e17b08a31fa"
    },
    {
      "$oid": "64708db836750e17b08a31fc"
    }
  ],
  "is_active": true,
  "is_deleted": false,
  "role_id": {
    "$oid": "5bf7ae3694db051f5486f845"
  },
  "module_id": {
    "$oid": "64705a38102e250698885fbe"
  },
  "added_at": {
    "$date": "2023-05-26T07:05:28.878Z"
  },
  "__v": 0
},
{
  "_id": {
    "$oid": "64705a38102e250698885fc3"
  },
  "access_type": [
    {
      "$oid": "64705a38102e250698885fbf"
    }
  ],
  "is_active": true,
  "is_deleted": false,
  "role_id": {
    "$oid": "5bf7ae90736db01f8fa21a24"
  },
  "module_id": {
    "$oid": "64705a38102e250698885fbe"
  },
  "added_at": {
    "$date": "2023-05-26T07:05:28.878Z"
  },
  "__v": 0
},
{
  "_id": {
    "$oid": "64705b8c102e250698886187"
  },
  "access_type": [],
  "is_active": true,
  "is_deleted": false,
  "role_id": {
    "$oid": "64705b8c102e250698886184"
  },
  "module_id": {
    "$oid": "5f5473c432d63109d87a27d6"
  },
  "added_at": {
    "$date": "2023-05-26T07:11:08.287Z"
  },
  "__v": 0
},
{
  "_id": {
    "$oid": "64705b8c102e250698886188"
  },
  "access_type": [],
  "is_active": true,
  "is_deleted": false,
  "role_id": {
    "$oid": "64705b8c102e250698886184"
  },
  "module_id": {
    "$oid": "5cd3c73d8b040336600642f6"
  },
  "added_at": {
    "$date": "2023-05-26T07:11:08.287Z"
  },
  "__v": 0
},
{
  "_id": {
    "$oid": "64705b8c102e250698886189"
  },
  "access_type": [],
  "is_active": true,
  "is_deleted": false,
  "role_id": {
    "$oid": "64705b8c102e250698886184"
  },
  "module_id": {
    "$oid": "5cd3bfc08b040336600642c9"
  },
  "added_at": {
    "$date": "2023-05-26T07:11:08.288Z"
  },
  "__v": 0
},
{
  "_id": {
    "$oid": "64705b8c102e25069888618a"
  },
  "access_type": [],
  "is_active": true,
  "is_deleted": false,
  "role_id": {
    "$oid": "64705b8c102e250698886184"
  },
  "module_id": {
    "$oid": "5cd3d23a8b04033660064325"
  },
  "added_at": {
    "$date": "2023-05-26T07:11:08.288Z"
  },
  "__v": 0
},
{
  "_id": {
    "$oid": "64705b8c102e25069888618b"
  },
  "access_type": [],
  "is_active": true,
  "is_deleted": false,
  "role_id": {
    "$oid": "64705b8c102e250698886184"
  },
  "module_id": {
    "$oid": "5cd2bc94b4c50e01700fa3aa"
  },
  "added_at": {
    "$date": "2023-05-26T07:11:08.288Z"
  },
  "__v": 0
},
{
  "_id": {
    "$oid": "64705b8c102e25069888618c"
  },
  "access_type": [],
  "is_active": true,
  "is_deleted": false,
  "role_id": {
    "$oid": "64705b8c102e250698886184"
  },
  "module_id": {
    "$oid": "5cd3ba6d8b040336600642c2"
  },
  "added_at": {
    "$date": "2023-05-26T07:11:08.288Z"
  },
  "__v": 0
},
{
  "_id": {
    "$oid": "64705b8c102e25069888618d"
  },
  "access_type": [],
  "is_active": true,
  "is_deleted": false,
  "role_id": {
    "$oid": "64705b8c102e250698886184"
  },
  "module_id": {
    "$oid": "5cd3cddf8b0403366006430d"
  },
  "added_at": {
    "$date": "2023-05-26T07:11:08.288Z"
  },
  "__v": 0
},
{
  "_id": {
    "$oid": "64705b8c102e25069888618e"
  },
  "access_type": [],
  "is_active": true,
  "is_deleted": false,
  "role_id": {
    "$oid": "64705b8c102e250698886184"
  },
  "module_id": {
    "$oid": "5df0862bb70c3715089f8143"
  },
  "added_at": {
    "$date": "2023-05-26T07:11:08.288Z"
  },
  "__v": 0
},
{
  "_id": {
    "$oid": "64705b8c102e25069888618f"
  },
  "access_type": [],
  "is_active": true,
  "is_deleted": false,
  "role_id": {
    "$oid": "64705b8c102e250698886184"
  },
  "module_id": {
    "$oid": "5cfe0978bb12ee19d1603b29"
  },
  "added_at": {
    "$date": "2023-05-26T07:11:08.288Z"
  },
  "__v": 0
},
{
  "_id": {
    "$oid": "64705b8c102e250698886190"
  },
  "access_type": [],
  "is_active": true,
  "is_deleted": false,
  "role_id": {
    "$oid": "64705b8c102e250698886184"
  },
  "module_id": {
    "$oid": "5bfbe1c1746f36655db2a188"
  },
  "added_at": {
    "$date": "2023-05-26T07:11:08.289Z"
  },
  "__v": 0
},
{
  "_id": {
    "$oid": "64705b8c102e250698886191"
  },
  "access_type": [],
  "is_active": true,
  "is_deleted": false,
  "role_id": {
    "$oid": "64705b8c102e250698886184"
  },
  "module_id": {
    "$oid": "5cd3ca6a8b04033660064308"
  },
  "added_at": {
    "$date": "2023-05-26T07:11:08.289Z"
  },
  "__v": 0
},
{
  "_id": {
    "$oid": "64705b8c102e250698886192"
  },
  "access_type": [],
  "is_active": true,
  "is_deleted": false,
  "role_id": {
    "$oid": "64705b8c102e250698886184"
  },
  "module_id": {
    "$oid": "5cd3d0948b0403366006431e"
  },
  "added_at": {
    "$date": "2023-05-26T07:11:08.289Z"
  },
  "__v": 0
},
{
  "_id": {
    "$oid": "64705b8c102e250698886193"
  },
  "access_type": [],
  "is_active": true,
  "is_deleted": false,
  "role_id": {
    "$oid": "64705b8c102e250698886184"
  },
  "module_id": {
    "$oid": "5bf8d8d6beaa311eef2ae8b0"
  },
  "added_at": {
    "$date": "2023-05-26T07:11:08.289Z"
  },
  "__v": 0
},
{
  "_id": {
    "$oid": "64705b8c102e250698886194"
  },
  "access_type": [],
  "is_active": true,
  "is_deleted": false,
  "role_id": {
    "$oid": "64705b8c102e250698886184"
  },
  "module_id": {
    "$oid": "5bfbdf187fa8ad6350151f30"
  },
  "added_at": {
    "$date": "2023-05-26T07:11:08.289Z"
  },
  "__v": 0
},
{
  "_id": {
    "$oid": "64705b8c102e250698886195"
  },
  "access_type": [],
  "is_active": true,
  "is_deleted": false,
  "role_id": {
    "$oid": "64705b8c102e250698886184"
  },
  "module_id": {
    "$oid": "5de7950969ab9b499ed8ddc8"
  },
  "added_at": {
    "$date": "2023-05-26T07:11:08.289Z"
  },
  "__v": 0
},
{
  "_id": {
    "$oid": "64705b8c102e250698886196"
  },
  "access_type": [],
  "is_active": true,
  "is_deleted": false,
  "role_id": {
    "$oid": "64705b8c102e250698886184"
  },
  "module_id": {
    "$oid": "5cd3b6e98b04033660064290"
  },
  "added_at": {
    "$date": "2023-05-26T07:11:08.290Z"
  },
  "__v": 0
},
{
  "_id": {
    "$oid": "64705b8c102e250698886197"
  },
  "access_type": [],
  "is_active": true,
  "is_deleted": false,
  "role_id": {
    "$oid": "64705b8c102e250698886184"
  },
  "module_id": {
    "$oid": "6023c1e23146f70fe8a8d98e"
  },
  "added_at": {
    "$date": "2023-05-26T07:11:08.290Z"
  },
  "__v": 0
},
{
  "_id": {
    "$oid": "64705b8c102e250698886198"
  },
  "access_type": [],
  "is_active": true,
  "is_deleted": false,
  "role_id": {
    "$oid": "64705b8c102e250698886184"
  },
  "module_id": {
    "$oid": "64705a38102e250698885fbe"
  },
  "added_at": {
    "$date": "2023-05-26T07:11:08.290Z"
  },
  "__v": 0
},
{
  "_id": {
    "$oid": "64705d4e102e2506988862d9"
  },
  "access_type": [],
  "is_active": true,
  "is_deleted": false,
  "role_id": {
    "$oid": "64705d4e102e2506988862d6"
  },
  "module_id": {
    "$oid": "5f5473c432d63109d87a27d6"
  },
  "added_at": {
    "$date": "2023-05-26T07:18:38.724Z"
  },
  "__v": 0
},
{
  "_id": {
    "$oid": "64705d4e102e2506988862da"
  },
  "access_type": [],
  "is_active": true,
  "is_deleted": false,
  "role_id": {
    "$oid": "64705d4e102e2506988862d6"
  },
  "module_id": {
    "$oid": "5cd3c73d8b040336600642f6"
  },
  "added_at": {
    "$date": "2023-05-26T07:18:38.724Z"
  },
  "__v": 0
},
{
  "_id": {
    "$oid": "64705d4e102e2506988862db"
  },
  "access_type": [],
  "is_active": true,
  "is_deleted": false,
  "role_id": {
    "$oid": "64705d4e102e2506988862d6"
  },
  "module_id": {
    "$oid": "5cd3bfc08b040336600642c9"
  },
  "added_at": {
    "$date": "2023-05-26T07:18:38.724Z"
  },
  "__v": 0
},
{
  "_id": {
    "$oid": "64705d4e102e2506988862dc"
  },
  "access_type": [],
  "is_active": true,
  "is_deleted": false,
  "role_id": {
    "$oid": "64705d4e102e2506988862d6"
  },
  "module_id": {
    "$oid": "5cd3d23a8b04033660064325"
  },
  "added_at": {
    "$date": "2023-05-26T07:18:38.724Z"
  },
  "__v": 0
},
{
  "_id": {
    "$oid": "64705d4e102e2506988862dd"
  },
  "access_type": [],
  "is_active": true,
  "is_deleted": false,
  "role_id": {
    "$oid": "64705d4e102e2506988862d6"
  },
  "module_id": {
    "$oid": "5cd2bc94b4c50e01700fa3aa"
  },
  "added_at": {
    "$date": "2023-05-26T07:18:38.724Z"
  },
  "__v": 0
},
{
  "_id": {
    "$oid": "64705d4e102e2506988862de"
  },
  "access_type": [],
  "is_active": true,
  "is_deleted": false,
  "role_id": {
    "$oid": "64705d4e102e2506988862d6"
  },
  "module_id": {
    "$oid": "5cd3ba6d8b040336600642c2"
  },
  "added_at": {
    "$date": "2023-05-26T07:18:38.724Z"
  },
  "__v": 0
},
{
  "_id": {
    "$oid": "64705d4e102e2506988862df"
  },
  "access_type": [],
  "is_active": true,
  "is_deleted": false,
  "role_id": {
    "$oid": "64705d4e102e2506988862d6"
  },
  "module_id": {
    "$oid": "5cd3cddf8b0403366006430d"
  },
  "added_at": {
    "$date": "2023-05-26T07:18:38.725Z"
  },
  "__v": 0
},
{
  "_id": {
    "$oid": "64705d4e102e2506988862e0"
  },
  "access_type": [],
  "is_active": true,
  "is_deleted": false,
  "role_id": {
    "$oid": "64705d4e102e2506988862d6"
  },
  "module_id": {
    "$oid": "5df0862bb70c3715089f8143"
  },
  "added_at": {
    "$date": "2023-05-26T07:18:38.725Z"
  },
  "__v": 0
},
{
  "_id": {
    "$oid": "64705d4e102e2506988862e1"
  },
  "access_type": [],
  "is_active": true,
  "is_deleted": false,
  "role_id": {
    "$oid": "64705d4e102e2506988862d6"
  },
  "module_id": {
    "$oid": "5cfe0978bb12ee19d1603b29"
  },
  "added_at": {
    "$date": "2023-05-26T07:18:38.725Z"
  },
  "__v": 0
},
{
  "_id": {
    "$oid": "64705d4e102e2506988862e2"
  },
  "access_type": [],
  "is_active": true,
  "is_deleted": false,
  "role_id": {
    "$oid": "64705d4e102e2506988862d6"
  },
  "module_id": {
    "$oid": "5bfbe1c1746f36655db2a188"
  },
  "added_at": {
    "$date": "2023-05-26T07:18:38.725Z"
  },
  "__v": 0
},
{
  "_id": {
    "$oid": "64705d4e102e2506988862e3"
  },
  "access_type": [],
  "is_active": true,
  "is_deleted": false,
  "role_id": {
    "$oid": "64705d4e102e2506988862d6"
  },
  "module_id": {
    "$oid": "5cd3ca6a8b04033660064308"
  },
  "added_at": {
    "$date": "2023-05-26T07:18:38.725Z"
  },
  "__v": 0
},
{
  "_id": {
    "$oid": "64705d4e102e2506988862e4"
  },
  "access_type": [],
  "is_active": true,
  "is_deleted": false,
  "role_id": {
    "$oid": "64705d4e102e2506988862d6"
  },
  "module_id": {
    "$oid": "5cd3d0948b0403366006431e"
  },
  "added_at": {
    "$date": "2023-05-26T07:18:38.725Z"
  },
  "__v": 0
},
{
  "_id": {
    "$oid": "64705d4e102e2506988862e5"
  },
  "access_type": [],
  "is_active": true,
  "is_deleted": false,
  "role_id": {
    "$oid": "64705d4e102e2506988862d6"
  },
  "module_id": {
    "$oid": "5bf8d8d6beaa311eef2ae8b0"
  },
  "added_at": {
    "$date": "2023-05-26T07:18:38.725Z"
  },
  "__v": 0
},
{
  "_id": {
    "$oid": "64705d4e102e2506988862e6"
  },
  "access_type": [],
  "is_active": true,
  "is_deleted": false,
  "role_id": {
    "$oid": "64705d4e102e2506988862d6"
  },
  "module_id": {
    "$oid": "5bfbdf187fa8ad6350151f30"
  },
  "added_at": {
    "$date": "2023-05-26T07:18:38.725Z"
  },
  "__v": 0
},
{
  "_id": {
    "$oid": "64705d4e102e2506988862e7"
  },
  "access_type": [],
  "is_active": true,
  "is_deleted": false,
  "role_id": {
    "$oid": "64705d4e102e2506988862d6"
  },
  "module_id": {
    "$oid": "5de7950969ab9b499ed8ddc8"
  },
  "added_at": {
    "$date": "2023-05-26T07:18:38.725Z"
  },
  "__v": 0
},
{
  "_id": {
    "$oid": "64705d4e102e2506988862e8"
  },
  "access_type": [],
  "is_active": true,
  "is_deleted": false,
  "role_id": {
    "$oid": "64705d4e102e2506988862d6"
  },
  "module_id": {
    "$oid": "5cd3b6e98b04033660064290"
  },
  "added_at": {
    "$date": "2023-05-26T07:18:38.725Z"
  },
  "__v": 0
},
{
  "_id": {
    "$oid": "64705d4e102e2506988862e9"
  },
  "access_type": [],
  "is_active": true,
  "is_deleted": false,
  "role_id": {
    "$oid": "64705d4e102e2506988862d6"
  },
  "module_id": {
    "$oid": "6023c1e23146f70fe8a8d98e"
  },
  "added_at": {
    "$date": "2023-05-26T07:18:38.726Z"
  },
  "__v": 0
},
{
  "_id": {
    "$oid": "64705d4e102e2506988862ea"
  },
  "access_type": [],
  "is_active": true,
  "is_deleted": false,
  "role_id": {
    "$oid": "64705d4e102e2506988862d6"
  },
  "module_id": {
    "$oid": "64705a38102e250698885fbe"
  },
  "added_at": {
    "$date": "2023-05-26T07:18:38.726Z"
  },
  "__v": 0
},
{
  "_id": {
    "$oid": "64708f4036750e17b08a3447"
  },
  "access_type": [],
  "is_active": true,
  "is_deleted": false,
  "module_id": {
    "$oid": "5f5473c432d63109d87a27d6"
  },
  "role_id": {
    "$oid": "5bf7ae90736db01f8fa21a24"
  },
  "added_at": {
    "$date": "2023-05-26T10:51:44.726Z"
  },
  "__v": 0
},
{
  "_id": {
    "$oid": "64708f4036750e17b08a3449"
  },
  "access_type": [],
  "is_active": true,
  "is_deleted": false,
  "module_id": {
    "$oid": "5cd3c73d8b040336600642f6"
  },
  "role_id": {
    "$oid": "5bf7ae90736db01f8fa21a24"
  },
  "added_at": {
    "$date": "2023-05-26T10:51:44.741Z"
  },
  "__v": 0
},
{
  "_id": {
    "$oid": "64708f4036750e17b08a344b"
  },
  "access_type": [],
  "is_active": true,
  "is_deleted": false,
  "module_id": {
    "$oid": "5cd3bfc08b040336600642c9"
  },
  "role_id": {
    "$oid": "5bf7ae90736db01f8fa21a24"
  },
  "added_at": {
    "$date": "2023-05-26T10:51:44.744Z"
  },
  "__v": 0
},
{
  "_id": {
    "$oid": "64708f4036750e17b08a344d"
  },
  "access_type": [],
  "is_active": true,
  "is_deleted": false,
  "module_id": {
    "$oid": "5cd3d23a8b04033660064325"
  },
  "role_id": {
    "$oid": "5bf7ae90736db01f8fa21a24"
  },
  "added_at": {
    "$date": "2023-05-26T10:51:44.747Z"
  },
  "__v": 0
},
{
  "_id": {
    "$oid": "64708f4036750e17b08a344f"
  },
  "access_type": [],
  "is_active": true,
  "is_deleted": false,
  "module_id": {
    "$oid": "5cd2bc94b4c50e01700fa3aa"
  },
  "role_id": {
    "$oid": "5bf7ae90736db01f8fa21a24"
  },
  "added_at": {
    "$date": "2023-05-26T10:51:44.750Z"
  },
  "__v": 0
},
{
  "_id": {
    "$oid": "64708f4036750e17b08a3451"
  },
  "access_type": [],
  "is_active": true,
  "is_deleted": false,
  "module_id": {
    "$oid": "5cd3ba6d8b040336600642c2"
  },
  "role_id": {
    "$oid": "5bf7ae90736db01f8fa21a24"
  },
  "added_at": {
    "$date": "2023-05-26T10:51:44.754Z"
  },
  "__v": 0
},
{
  "_id": {
    "$oid": "64708f4036750e17b08a3453"
  },
  "access_type": [],
  "is_active": true,
  "is_deleted": false,
  "module_id": {
    "$oid": "5cd3cddf8b0403366006430d"
  },
  "role_id": {
    "$oid": "5bf7ae90736db01f8fa21a24"
  },
  "added_at": {
    "$date": "2023-05-26T10:51:44.756Z"
  },
  "__v": 0
},
{
  "_id": {
    "$oid": "64708f4036750e17b08a3455"
  },
  "access_type": [],
  "is_active": true,
  "is_deleted": false,
  "module_id": {
    "$oid": "5df0862bb70c3715089f8143"
  },
  "role_id": {
    "$oid": "5bf7ae90736db01f8fa21a24"
  },
  "added_at": {
    "$date": "2023-05-26T10:51:44.758Z"
  },
  "__v": 0
},
{
  "_id": {
    "$oid": "64708f4036750e17b08a3457"
  },
  "access_type": [],
  "is_active": true,
  "is_deleted": false,
  "module_id": {
    "$oid": "5cfe0978bb12ee19d1603b29"
  },
  "role_id": {
    "$oid": "5bf7ae90736db01f8fa21a24"
  },
  "added_at": {
    "$date": "2023-05-26T10:51:44.760Z"
  },
  "__v": 0
},
{
  "_id": {
    "$oid": "64708f4036750e17b08a3459"
  },
  "access_type": [],
  "is_active": true,
  "is_deleted": false,
  "module_id": {
    "$oid": "5bfbe1c1746f36655db2a188"
  },
  "role_id": {
    "$oid": "5bf7ae90736db01f8fa21a24"
  },
  "added_at": {
    "$date": "2023-05-26T10:51:44.762Z"
  },
  "__v": 0
},
{
  "_id": {
    "$oid": "64708f4036750e17b08a345b"
  },
  "access_type": [],
  "is_active": true,
  "is_deleted": false,
  "module_id": {
    "$oid": "5cd3ca6a8b04033660064308"
  },
  "role_id": {
    "$oid": "5bf7ae90736db01f8fa21a24"
  },
  "added_at": {
    "$date": "2023-05-26T10:51:44.764Z"
  },
  "__v": 0
},
{
  "_id": {
    "$oid": "64708f4036750e17b08a345d"
  },
  "access_type": [],
  "is_active": true,
  "is_deleted": false,
  "module_id": {
    "$oid": "5cd3d0948b0403366006431e"
  },
  "role_id": {
    "$oid": "5bf7ae90736db01f8fa21a24"
  },
  "added_at": {
    "$date": "2023-05-26T10:51:44.765Z"
  },
  "__v": 0
},
{
  "_id": {
    "$oid": "64708f4036750e17b08a345f"
  },
  "access_type": [],
  "is_active": true,
  "is_deleted": false,
  "module_id": {
    "$oid": "5bf8d8d6beaa311eef2ae8b0"
  },
  "role_id": {
    "$oid": "5bf7ae90736db01f8fa21a24"
  },
  "added_at": {
    "$date": "2023-05-26T10:51:44.768Z"
  },
  "__v": 0
},
{
  "_id": {
    "$oid": "64708f4036750e17b08a3461"
  },
  "access_type": [],
  "is_active": true,
  "is_deleted": false,
  "module_id": {
    "$oid": "5bfbdf187fa8ad6350151f30"
  },
  "role_id": {
    "$oid": "5bf7ae90736db01f8fa21a24"
  },
  "added_at": {
    "$date": "2023-05-26T10:51:44.770Z"
  },
  "__v": 0
},
{
  "_id": {
    "$oid": "64708f4036750e17b08a3463"
  },
  "access_type": [],
  "is_active": true,
  "is_deleted": false,
  "module_id": {
    "$oid": "5de7950969ab9b499ed8ddc8"
  },
  "role_id": {
    "$oid": "5bf7ae90736db01f8fa21a24"
  },
  "added_at": {
    "$date": "2023-05-26T10:51:44.771Z"
  },
  "__v": 0
},
{
  "_id": {
    "$oid": "64708f4036750e17b08a3465"
  },
  "access_type": [],
  "is_active": true,
  "is_deleted": false,
  "module_id": {
    "$oid": "5cd3b6e98b04033660064290"
  },
  "role_id": {
    "$oid": "5bf7ae90736db01f8fa21a24"
  },
  "added_at": {
    "$date": "2023-05-26T10:51:44.773Z"
  },
  "__v": 0
},
{
  "_id": {
    "$oid": "64708f4036750e17b08a3467"
  },
  "access_type": [],
  "is_active": true,
  "is_deleted": false,
  "module_id": {
    "$oid": "6023c1e23146f70fe8a8d98e"
  },
  "role_id": {
    "$oid": "5bf7ae90736db01f8fa21a24"
  },
  "added_at": {
    "$date": "2023-05-26T10:51:44.774Z"
  },
  "__v": 0
}]