[{
  "_id": {
    "$oid": "649a6f6063b84128cc5057be"
  },
  "id": 1,
  "key": "Ratio",
  "value": "1.1"
},
{
  "_id": {
    "$oid": "649a6fa463b84128cc5057bf"
  },
  "id": 2,
  "key": "asteriskip",
  "value": "192.168.0.248"
},
{
  "_id": {
    "$oid": "649a713363b84128cc5057c0"
  },
  "id": 3,
  "key": "manageruser",
  "value": "mayur"
},
{
  "_id": {
    "$oid": "649a716263b84128cc5057c1"
  },
  "id": 4,
  "key": "outboundContext",
  "value": "csr"
},
{
  "_id": {
    "$oid": "649a71ac63b84128cc5057c2"
  },
  "id": 5,
  "key": "outboundChannel",
  "value": "SIP/outbound"
},
{
  "_id": {
    "$oid": "649a71d763b84128cc5057c3"
  },
  "id": 6,
  "key": "queue",
  "value": "csrteam"
},
{
  "_id": {
    "$oid": "649a721763b84128cc5057c4"
  },
  "id": 7,
  "key": "dispositin_status",
  "value": "sold,don'tcall"
},
{
  "_id": {
    "$oid": "649a723763b84128cc5057c5"
  },
  "id": 8,
  "key": "managerpass",
  "value": "mayur"
},
{
  "_id": {
    "$oid": "649a728463b84128cc5057c6"
  },
  "id": 11,
  "key": "asterisk_rec_path",
  "value": "var/spool/asterisk/monitor"
},
{
  "_id": {
    "$oid": "649a72b563b84128cc5057c7"
  },
  "id": 12,
  "key": "asterisk_cdr_path",
  "value": "var/log/asterisk/cdr-csv"
},
{
  "_id": {
    "$oid": "649a72db63b84128cc5057c8"
  },
  "id": 13,
  "key": "webphone",
  "value": "enabled"
},
{
  "_id": {
    "$oid": "649a734c63b84128cc5057c9"
  },
  "id": 14,
  "key": "disposition_status",
  "value": "Busy,Call,Back,Disconnected Number, Decline"
},
{
  "_id": {
    "$oid": "649a736e63b84128cc5057ca"
  },
  "id": 15,
  "key": "retry_limit",
  "value": "3"
},
{
  "_id": {
    "$oid": "649a739a63b84128cc5057cb"
  },
  "id": 16,
  "key": "recording_saved_ins3",
  "value": "no"
},
{
  "_id": {
    "$oid": "649a74b563b84128cc5057cc"
  },
  "id": 17,
  "key": "ssh_host",
  "value": "192.168.0.248"
},
{
  "_id": {
    "$oid": "649a74d763b84128cc5057cd"
  },
  "id": 18,
  "key": "ssh_username",
  "value": "root"
},
{
  "_id": {
    "$oid": "649a74f163b84128cc5057ce"
  },
  "id": 18,
  "key": "ssh_password",
  "value": "123"
}]