[{
  "_id": {
    "$oid": "5bf7ae3694db051f5486f845"
  },
  "added_by": {
    "$oid": "5bd55def672c57136889cc18"
  },
  "is_deleted": false,
  "created_at": {
    "$date": "2018-11-23T07:37:26.731Z"
  },
  "crm_lead_id": 0,
  "listcall_title": "Super Admin",
  "listnode": "Admin User For Developer",
  "status": true
},
{
  "_id": {
    "$oid": "5bf7ae90736db01f8fa21a24"
  },
  "is_active": true,
  "added_at": {
    "$date": "2018-11-23T07:38:56.755Z"
  },
  "added_by": {
    "$oid": "5bd55def672c57136889cc18"
  },
  "description": "Default Register User",
  "role_title": "Normal Users",
  "__v": 0,
  "is_deleted": false
},
{
  "_id": {
    "$oid": "64705b8c102e250698886184"
  },
  "is_active": true,
  "is_deleted": false,
  "description": "Employee",
  "role_title": "Employee",
  "added_by": {
    "$oid": "5c3b244f9ef510172cd1dcb0"
  },
  "added_at": {
    "$date": "2023-05-26T07:11:08.283Z"
  },
  "__v": 0
},
{
  "_id": {
    "$oid": "64705d4e102e2506988862d6"
  },
  "is_active": true,
  "is_deleted": false,
  "description": "Tester",
  "role_title": "Tester",
  "added_by": {
    "$oid": "5c3b244f9ef510172cd1dcb0"
  },
  "added_at": {
    "$date": "2023-05-26T07:18:38.720Z"
  },
  "__v": 0
}]