[{
  "_id": {
    "$oid": "5ccc13a54bdf0b1d9497bf02"
  },
  "variables": [
    "name,email,password,account"
  ],
  "is_deleted": true,
  "information": "This template is used when user sign ups using facebook/google.",
  "from": "'WaftEngine' <send@waftengine.org>",
  "subject": "Sign up using %account%",
  "body": "<title></title>\n<table border=\"0\" cellpadding=\"0\" cellspacing=\"0\" style=\"max-width:624px;\" width=\"624\">\n</table>\n\n<div style=\"margin:0px;padding:0px;font-family:Lato,sans-serif;\">\n<table border=\"0\" cellpadding=\"0\" cellspacing=\"0\" style=\"border-collapse:collapse;\" width=\"624\">\n\t<tbody>\n\t\t<tr style=\"background:#f5f5f5;\">\n\t\t\t<td colspan=\"2\" style=\"padding-left:15px;padding-right:15px;padding-top:25px;padding-bottom:25px;font-size:14px;line-height:24px;color:#4d4d4d;\">Dear <b>%name%</b> ,<br />\n\t\t\tWelcome to %application_name%.<br />\n\t\t\tThanks for signing up using %account%. Your registered email is <a style=\"color:#3498DB;text-decoration:none;\">%email%</a>.<br />\n\t\t\tYour auto generated password is <a style=\"color:#3498DB;text-decoration:none;\">%password%</a>. We request you to change as soon as possible. Your email is %email%.</td>\n\t\t</tr>\n\t</tbody>\n</table>\n</div>",
  "alternate_text": "Dear %name%, This is to notify you that you signed up for %application_name% using %account%. Your email is %email% and your auto generated password is %password%. We request you to change it as soon as possible.",
  "updated_at": {
    "$date": "2021-03-24T11:34:21.948Z"
  },
  "updated_by": {
    "$oid": "5c3b244f9ef510172cd1dcb0"
  },
  "theme_key": "third_party_signup",
  "theme_name": "third party signup"
},
{
  "_id": {
    "$oid": "5ccbf0cb4bdf0b1d9497beff"
  },
  "variables": [
    "name,email,code"
  ],
  "is_deleted": false,
  "information": "This template is used when user forgets password.",
  "from": "'WaftEngine' <send@waftengine.org>",
  "subject": "Password Reset Request",
  "body": "<title></title>\n<table border=\"0\" cellpadding=\"0\" cellspacing=\"0\" style=\"max-width:624px;\" width=\"624\">\n</table>\n\n<div style=\"margin:0px;padding:0px;font-family:Lato,sans-serif;\">\n<table border=\"0\" cellpadding=\"0\" cellspacing=\"0\" style=\"border-collapse:collapse;\" width=\"624\">\n\t<tbody>\n\t\t<tr style=\"background:#f5f5f5;\">\n\t\t\t<td colspan=\"2\" style=\"padding-left:15px;padding-right:15px;padding-top:25px;padding-bottom:25px;font-size:14px;line-height:24px;color:#4d4d4d;\">Dear <b>%name%</b> ,<br />\n\t\t\t<br />\n\t\t\tPassword reqest action is triggered for your account.<br />\n\t\t\t<br />\n\t\t\tYour registered email is <a style=\"color:#3498DB;text-decoration:none;\">%email%</a>.<br />\n\t\t\t<br />\n\t\t\tUse Code To reset your password <a style=\"color:#3498DB;text-decoration:none;\">%code%</a>.<br />\n\t\t\tClick<a href=\"http://%client_url%reset-password/%email%/%code%\" style=\"color:#0f29e6;text-decoration:none;\"> here</a> to goto password reset page.</td>\n\t\t</tr>\n\t</tbody>\n</table>\n</div>",
  "alternate_text": "Dear %name%, use %code% code to reset password",
  "updated_at": {
    "$date": "2021-03-24T11:32:04.951Z"
  },
  "updated_by": {
    "$oid": "5c3b244f9ef510172cd1dcb0"
  },
  "theme_key": "forgot_password",
  "theme_name": "forgot Password"
},
{
  "_id": {
    "$oid": "5da6e26ba87c1a46446fd499"
  },
  "variables": [
    "name,email,code"
  ],
  "is_deleted": false,
  "information": "This template is used when user sign ups.",
  "from": "'WaftEngine' <send@waftengine.org>",
  "subject": "Welcome to %application_name%",
  "body": "<title></title>\n<table border=\"0\" cellpadding=\"0\" cellspacing=\"0\" style=\"max-width:624px;\" width=\"624\">\n</table>\n\n<div style=\"margin:0px;padding:0px;font-family:Lato,sans-serif;\">\n<table border=\"0\" cellpadding=\"0\" cellspacing=\"0\" style=\"border-collapse:collapse;\" width=\"624\">\n\t<tbody>\n\t\t<tr style=\"background:#f5f5f5;\">\n\t\t\t<td colspan=\"2\" style=\"padding-left:15px;padding-right:15px;padding-top:25px;padding-bottom:25px;font-size:14px;line-height:24px;color:#4d4d4d;\">Dear <b>%name%</b> ,<br />\n\t\t\tYour registered email is <a style=\"color:#3498DB;text-decoration:none;\">%email%</a>.<br />\n\t\t\tUse Code To verify your email <a style=\"color:#3498DB;text-decoration:none;\">%code%</a>.</td>\n\t\t</tr>\n\t</tbody>\n</table>\n</div>",
  "__v": 0,
  "updated_at": {
    "$date": "2021-03-24T11:34:47.008Z"
  },
  "updated_by": {
    "$oid": "5c3b244f9ef510172cd1dcb0"
  },
  "alternate_text": "Dear %name%, <br> Your email is %email% and registration code is %code%.",
  "theme_key": "verify_mail",
  "theme_name": "Verify Mail"
},
{
  "_id": {
    "$oid": "5ccaca25ffc7f12568340317"
  },
  "variables": [
    "name,email,code"
  ],
  "is_deleted": false,
  "information": "This template is used when user sign ups.",
  "from": "'WaftEngine' <send@waftengine.org>",
  "subject": "Welcome to %application_name%",
  "body": "<title></title>\n<div style=\"max-width:600px; margin:0 auto\">\n<table border=\"0\" cellpadding=\"0\" cellspacing=\"0\" style=\"max-width:624px;\" width=\"624\">\n</table>\n\n<div style=\"margin:0px;padding:0px;font-family:Lato,sans-serif;\">\n<table border=\"0\" cellpadding=\"0\" cellspacing=\"0\" style=\"border-collapse:collapse;\" width=\"624\">\n\t<tbody>\n\t\t<tr>\n\t\t\t<td colspan=\"2\" style=\"padding-left:15px;padding-right:15px;padding-top:25px;padding-bottom:25px; line-height:1.6;color:#4d4d4d;\">Dear <b>%name%</b> ,<br />\n\t\t\tWelcome to %application_name%.<br />\n\t\t\tUse Code To verify your email <a style=\"color:#3498DB;text-decoration:none;\">%code%</a>.<br />\n\t\t\tOR<br />\n\t\t\tClick <a href=\"http://%client_url%verify/%email%/%code%\" style=\"color:#3498DB;text-decoration:none;\">%client_url%verify/%email%/%code%</a>.</td>\n\t\t</tr>\n\t</tbody>\n\t<tfoot>\n\t\t<tr>\n\t\t\t<td>&nbsp;</td>\n\t\t</tr>\n\t</tfoot>\n</table>\n</div>\n</div>",
  "__v": 0,
  "updated_at": {
    "$date": "2021-03-24T11:33:51.404Z"
  },
  "updated_by": {
    "$oid": "5c3b244f9ef510172cd1dcb0"
  },
  "alternate_text": "Dear %name%, <br> Your email is %email% and registration code is %code%.",
  "theme_key": "user_registration",
  "theme_name": "registration"
},
{
  "_id": {
    "$oid": "5d349ceca87c1a3484e93d1d"
  },
  "variables": [
    "name,email,msg,sub"
  ],
  "is_deleted": false,
  "information": "Send Email to contact user.",
  "from": "'WaftEngine' <send@waftengine.org>",
  "subject": "%name%, you send message send to Admin",
  "body": "<title></title>\n<table border=\"0\" cellpadding=\"0\" cellspacing=\"0\" style=\"max-width:624px;\" width=\"624\">\n</table>\n\n<div style=\"margin:0px;padding:0px;font-family:Lato,sans-serif;\">\n<table border=\"0\" cellpadding=\"0\" cellspacing=\"0\" style=\"border-collapse:collapse;\" width=\"624\">\n\t<tbody>\n\t\t<tr style=\"background:#f5f5f5;\">\n\t\t\t<td colspan=\"2\" style=\"padding-left:15px;padding-right:15px;padding-top:25px;padding-bottom:25px;font-size:14px;line-height:24px;color:#4d4d4d;\">Email : <a style=\"color:#a50c13;text-decoration:none;\">%email%</a><br />\n\t\t\tSubject : <a style=\"color:#a50c13;text-decoration:none;\">%sub%</a><br />\n\t\t\tMessage : <a style=\"color:#a50c13;text-decoration:none;\">%msg%</a></td>\n\t\t</tr>\n\t</tbody>\n</table>\n</div>",
  "alternate_text": "You send message to admin from contact us page.",
  "updated_at": {
    "$date": "2021-02-24T04:44:17.726Z"
  },
  "updated_by": {
    "$oid": "5c3b244f9ef510172cd1dcb0"
  },
  "theme_key": "contact_to_user",
  "theme_name": "Contact_Message_User"
},
{
  "_id": {
    "$oid": "5df0dedce7bb453a83768a10"
  },
  "variables": [
    "name,email"
  ],
  "is_deleted": false,
  "information": "This template is used when user subscribes.",
  "from": "'WaftEngine' <send@waftengine.org>",
  "subject": "Thank you for subscribing  %application_name%",
  "body": "<p>Thank you for subscribing us!! you will be in our touch in every updates and new technology</p>",
  "__v": 0,
  "updated_at": {
    "$date": "2021-03-24T11:34:57.073Z"
  },
  "updated_by": {
    "$oid": "5c3b244f9ef510172cd1dcb0"
  },
  "alternate_text": "Dear %name%, <br> Your email is %email%",
  "theme_key": "user_subscribe",
  "theme_name": "subscribe"
},
{
  "_id": {
    "$oid": "5d349ceca87c1a3484e93d1c"
  },
  "variables": [
    "name,email,msg,sub"
  ],
  "is_deleted": false,
  "information": "This template is used send email to admin while user contact thrug contact us.",
  "from": "'WaftEngine' <send@waftengine.org>",
  "subject": "%name% contact you",
  "body": "<title></title>\n<table border=\"0\" cellpadding=\"0\" cellspacing=\"0\" style=\"max-width:624px;\" width=\"624\">\n</table>\n\n<div style=\"margin:0px;padding:0px;font-family:Lato,sans-serif;\">\n<table border=\"0\" cellpadding=\"0\" cellspacing=\"0\" style=\"border-collapse:collapse;\" width=\"624\">\n\t<tbody>\n\t\t<tr style=\"background:#f5f5f5;\">\n\t\t\t<td colspan=\"2\" style=\"padding-left:15px;padding-right:15px;padding-top:25px;padding-bottom:25px;font-size:14px;line-height:24px;color:#4d4d4d;\">\n\t\t\t<p>Email : <a style=\"color:#a50c13;text-decoration:none;\">%email%</a></p>\n\n\t\t\t<p>Name: <a style=\"color:#a50c13;text-decoration:none;\">%name%</a><br />\n\t\t\tSubject : <a style=\"color:#a50c13;text-decoration:none;\">%sub%</a><br />\n\t\t\tMessage : <a style=\"color:#a50c13;text-decoration:none;\">%msg%</a></p>\n\t\t\t</td>\n\t\t</tr>\n\t</tbody>\n</table>\n</div>",
  "alternate_text": "Dear %name%, send you message from contact Page",
  "updated_at": {
    "$date": "2021-02-24T04:43:35.735Z"
  },
  "updated_by": {
    "$oid": "5c3b244f9ef510172cd1dcb0"
  },
  "theme_key": "contact_to_admin",
  "theme_name": "Message_to_Admin"
},
{
  "_id": {
    "$oid": "5f44d912aaae9614c4ee2fb9"
  },
  "variables": [
    "name,email,code"
  ],
  "is_deleted": false,
  "information": "This template is used when user forgets password.",
  "from": "'WaftEngine' <send@waftengine.org>",
  "subject": "2FA Code",
  "body": "<p>Dear <strong>%name%</strong> ,</p>\n\n<p>Welcome to <strong>%application_name%</strong></p>\n\n<p>Your code for login is <a style=\"color:#3498db;\">%code%</a> for email <a style=\"color:#3498db;\">%email%</a></p>",
  "alternate_text": "Dear %name%, use code from email to login",
  "updated_at": {
    "$date": "2021-03-24T11:35:07.353Z"
  },
  "updated_by": {
    "$oid": "5c3b244f9ef510172cd1dcb0"
  },
  "theme_key": "two_fa_email",
  "theme_name": "Two FA Email Template"
},
{
  "_id": {
    "$oid": "64747bf4bda6a133b09b617e"
  },
  "variables": [
    "name,email,code"
  ],
  "is_deleted": true,
  "information": "This is for a testing purpose",
  "from": "agrovikas",
  "subject": "Testing",
  "body": "Demo Body",
  "__v": 0,
  "updated_at": {
    "$date": "2023-05-29T10:18:28.108Z"
  },
  "alternate_text": " Dear %name%, <br> Your email is %email% and registration code is %code%",
  "theme_key": "Testing",
  "theme_name": "Testing",
  "updated_by": {
    "$oid": "5c3b244f9ef510172cd1dcb0"
  },
  "deleted_at": {
    "$date": "2023-05-29T10:33:17.296Z"
  }
},
{
  "_id": {
    "$oid": "64748510f79caf2a0c27cc9a"
  },
  "variables": [
    "name,email,code"
  ],
  "is_deleted": false,
  "information": "This is for a testing purpose",
  "from": "parth",
  "subject": "Testing",
  "body": "Demo Testing",
  "__v": 0,
  "updated_at": {
    "$date": "2023-05-29T10:57:20.444Z"
  },
  "alternate_text": " Dear %name%, <br> Your email is %email% and registration code is %code%",
  "theme_key": "Testing 123",
  "theme_name": "Testing 123",
  "updated_by": {
    "$oid": "5c3b244f9ef510172cd1dcb0"
  }
}]